id_user,age,id_secteur,id_vitesse_lecture,id_selection,id_genre_sex,id_prefere_lire
1,20,0,1,1,1,1
2,20,1,2,2,1,2
3,20,1,3,3,1,2
4,20,1,2,1,1,2
5,20,1,1,2,1,2
6,20,1,2,4,0,2
7,21,1,1,2,1,2
8,20,1,2,4,0,2
9,20,1,1,2,1,2
10,20,2,4,4,1,2
11,20,3,5,1,1,1
12,20,1,2,2,1,2
13,22,4,3,1,1,2
14,20,1,1,2,1,2
15,20,5,2,4,0,2
16,20,0,5,3,1,2
17,24,1,4,4,0,2
18,20,6,5,2,1,2
19,19,7,4,4,0,1
20,19,1,1,4,0,1
21,20,8,4,4,0,2
22,20,9,1,1,1,2
23,20,1,2,2,1,2
24,19,1,1,2,0,2
25,19,1,5,1,1,1
26,20,1,1,1,1,2
27,19,10,2,1,1,3
28,29,3,5,2,0,2
29,40,1,2,1,0,3
30,23,0,4,4,1,2
31,19,1,2,1,1,2
32,20,1,4,1,1,2
33,20,4,2,2,0,2
34,21,1,4,4,1,2
35,20,11,5,1,1,2
36,20,6,5,2,1,2
37,23,1,5,2,1,2
38,20,12,2,1,1,2
39,20,1,2,4,0,2
40,19,13,4,2,0,2
41,20,0,5,1,1,3
42,17,14,4,4,0,1
43,20,6,5,3,1,3
44,20,4,2,2,0,2
45,20,14,2,4,1,2
46,19,1,3,1,1,1
47,20,1,4,2,1,2
48,20,15,3,3,1,1
49,18,16,4,4,0,2
50,20,17,4,4,0,2
51,19,18,1,2,0,1
52,1,0,3,5,0,0
53,20,5,4,2,1,2
54,20,14,3,1,0,1
55,33,19,1,2,0,1
56,23,1,3,1,1,2
57,18,14,4,4,0,1
58,20,4,1,3,1,2
59,20,6,1,1,1,2
60,24,14,1,1,0,1
61,23,6,5,2,0,2
62,23,20,2,4,1,1
63,20,21,5,1,0,3
64,52,16,1,4,0,2
65,25,16,5,1,1,2
66,19,22,5,1,0,1
67,20,1,2,4,1,2
68,20,6,2,3,1,2
69,20,3,4,4,0,2
70,20,4,1,4,0,2
71,20,1,4,4,1,2
72,28,14,1,2,0,2
73,22,1,1,2,1,2
74,50,13,1,2,0,2
75,40,14,1,2,0,2
76,43,13,4,4,0,2
77,64,23,4,4,1,2
78,38,22,4,4,0,2
79,53,16,2,4,0,2
80,55,6,1,4,0,2
81,50,24,2,4,1,2
82,76,23,1,3,0,2
83,54,2,5,2,0,1
84,34,14,2,4,0,1
85,39,7,2,2,1,2
86,39,7,2,2,1,2
87,38,25,5,1,0,2
88,46,0,4,4,0,2
89,37,7,1,1,0,2
90,52,26,1,1,1,2
91,29,14,5,1,0,3
92,42,14,4,4,0,2
93,42,2,1,4,0,2
94,55,7,1,4,0,2
95,53,27,1,4,0,2
96,51,13,1,1,0,1
97,57,28,1,4,1,2
98,40,1,5,4,0,2
99,31,29,5,1,0,2
100,39,14,4,4,0,2
101,40,7,5,1,0,2
102,50,30,2,4,0,2
103,51,16,5,2,0,2
104,50,7,2,1,1,2
105,45,7,2,4,0,1
106,64,23,2,2,0,2
107,67,23,4,4,1,1
108,35,16,2,2,0,2
109,72,16,4,4,0,2
110,67,16,2,4,0,2
111,43,31,5,1,1,2
112,80,23,4,4,1,2
113,32,14,2,4,0,2
114,19,14,4,4,0,2
115,48,16,4,4,0,1
116,45,7,5,1,0,2
117,31,16,2,4,0,2
118,53,2,2,4,1,2
119,69,32,4,2,0,2
120,47,16,2,4,0,2
121,65,23,4,4,0,2
122,44,5,1,4,0,2
123,39,16,4,4,0,2
124,41,16,2,4,0,2
125,44,16,1,2,0,2
126,23,22,2,4,0,1
127,47,7,2,4,0,2
128,47,16,2,4,0,2
129,43,33,4,4,0,2
130,60,13,1,2,0,1
131,46,14,1,4,0,1
132,54,16,2,4,0,1
133,42,18,1,1,0,2
134,47,14,1,4,0,2
135,45,2,4,4,0,2
136,53,19,4,4,0,2
137,66,23,1,4,0,1
138,73,23,2,2,0,2
139,56,13,1,4,0,2
140,56,13,2,4,0,2
141,50,34,2,4,0,2
142,41,35,4,4,0,2
143,41,13,4,4,0,1
144,48,2,1,1,0,2
145,38,14,5,4,0,2
146,61,23,4,4,1,2
147,33,16,4,4,0,1
148,34,7,4,4,0,2
149,1,0,3,5,0,0
150,53,7,5,1,0,2
151,52,16,4,4,0,2
152,44,18,4,4,0,2
153,51,14,5,4,0,2
154,70,16,4,4,0,2
155,33,32,2,4,0,1
156,40,8,5,4,0,2
157,57,16,2,4,0,2
158,51,14,2,4,0,2
159,69,23,4,4,0,1
160,1,0,3,5,0,0
161,35,14,4,2,0,1
162,39,13,4,4,0,2
163,60,23,4,4,0,2
164,43,14,1,2,0,2
165,56,14,4,4,0,2
166,54,13,4,4,1,2
167,58,18,1,2,0,2
168,39,13,2,4,0,2
169,45,18,2,4,0,2
170,47,36,2,4,0,2
171,44,16,2,4,0,2
172,47,14,1,4,0,1
173,1,0,3,5,0,0
174,53,16,4,4,0,2
175,33,7,4,4,0,2
176,55,14,4,4,0,2
177,51,13,1,1,1,2
178,51,7,1,1,0,2
179,73,23,2,4,0,2
180,65,16,2,4,1,2
181,74,13,2,4,1,2
182,44,14,2,4,0,2
183,20,1,4,4,1,1
184,56,1,1,4,1,2
185,31,6,5,1,0,2
186,57,1,1,4,1,2
187,60,16,5,1,0,2
188,56,13,1,4,0,2
189,20,13,3,3,1,2
190,51,1,2,4,1,2
191,52,18,4,4,0,2
192,28,6,5,2,0,2
193,74,23,1,4,0,2
194,40,13,2,4,0,2
195,58,1,1,4,1,2
196,56,16,4,4,0,2
197,58,0,2,4,0,2
198,59,1,1,2,1,2
199,44,1,4,4,0,1
200,59,1,1,2,1,2
201,49,13,5,1,1,1
202,20,1,1,1,1,1
203,55,37,4,4,1,2
204,45,13,1,1,0,2
205,40,13,2,4,0,2
206,45,13,2,4,0,2
207,45,13,2,4,0,2
208,35,13,2,4,1,2
209,38,13,2,4,0,2
210,37,13,1,4,0,2
211,61,0,5,2,1,2
212,45,16,2,4,0,2
213,46,13,1,4,0,2
214,54,38,2,4,0,2
215,33,18,4,1,0,2
216,25,4,4,4,0,2
217,1,0,3,5,0,0
218,53,14,4,1,0,2
219,35,13,2,2,0,2
220,56,13,2,2,1,2
221,43,7,1,2,1,2
222,48,39,4,2,0,2
223,53,14,2,4,0,2
224,44,0,2,1,0,2
225,20,21,1,2,0,1
226,23,14,1,4,0,2
227,52,40,2,4,1,2
228,62,14,1,1,0,2
229,78,23,1,4,1,2
230,48,1,1,2,0,2
231,47,14,2,4,0,2
232,66,23,4,4,0,2
233,55,16,1,4,0,2
234,19,1,2,4,1,2
235,51,13,1,4,0,2
236,43,5,2,4,0,2
237,30,41,5,4,0,2
238,20,22,5,3,1,3
239,55,14,5,2,0,2
240,1,0,3,5,0,0
241,62,13,1,4,0,2
242,64,23,2,4,0,1
243,54,13,1,4,0,2
244,51,30,5,1,0,2
245,23,7,5,1,0,1
246,53,1,5,2,0,2
247,59,1,4,4,0,1
248,21,1,5,1,1,2
249,57,1,1,2,0,2
250,51,1,1,2,0,2
251,52,1,1,4,1,2
252,54,1,2,4,1,2
253,57,1,1,4,1,2
254,61,1,1,2,0,2
255,59,42,1,2,1,1
256,59,1,1,2,1,2
257,55,6,5,2,0,2
258,55,1,5,2,0,2
