id_livre,id_auteur
71292,1041311
176892,4766
18523711,3190846
228244,133522
7519640,16494
7163862,426034
8662135,1628012
97860,16461
10587120,27281
199635,72932
11242368,3180076
19286623,6476625
311308,18067
22852698,4721536
457762,26874
618924,22528
12447,7921
47241,26546
339026,3155347
137098,61565
50725,11624
1933181,6583
13570639,2937053
45234,25372
10222362,4581947
313605,2838
93794,29085
15815333,113936
127028,73021
17735,10765
782898,7294
117904,924207
15814479,6464656
5137,3488
18669536,7087549
9526,6238
13325079,7079
6340016,8865
32430,6926240
126507,12470
649361,86883
2305862,1036925
640029,33502
8350864,119755
4806,3277
216196,66240
10174795,504627
143728,23894
50695,463
129223,74248
3157877,93220
628283,267618
1034185,4731222
20345202,7105753
110396,63898
129117,74189
68333,21158
18249280,85545
104344,20560
24384,13705
38225791,15127507
366787,74876
71622,40507
7312324,153734
10897866,4666971
1022209,138702
2592122,10087
6687247,3012335
10048874,3353667
179174,2802356
17204860,6875794
133380,33998
188454,3314
9554790,91168
6100797,226816
762563,48450
138683,80212
2420340,1079136
17305783,3432558
74862,42464
256280,1417512
6514074,66216
8241088,4020319
4333469,1818261
7284118,3212288
263919,154108
15706108,6371051
16029550,5784961
17339738,6925118
17190226,6872165
18136883,7152850
29661618,7176787
166562,96899
18620524,7314133
1414,947
22436841,8296035
25022297,13544498
232467,30510
36390016,15418106
3359011,1418272
24816,13778
7532858,1284067
192954,112402
10169662,3163298
209889,40882
12878300,2865
23016364,6422281
12617286,5204084
747061,1367163
13260545,428662
22725294,7132747
1335601,38840
18456078,7249070
31815310,14106658
12970162,15890
13573419,25375
50781,11859
192955,137261
5820384,2746690
11903141,4846190
8161632,51118
10863979,4727364
27297,15321
3426706,1219600
15734418,6434818
8922087,588558
2498049,1108381
12180248,173493
4303567,1808111
17281601,6519108
11164732,4094048
20518655,7341481
984021,161893
21915986,7324934
20492283,6879912
17913288,6879912
23517137,8551973
27263454,13531492
30841984,15388346
6732019,60619
815234,3368
605663,328504
615359,333002
11106249,3023973
131304,10894
10710392,80769
7779571,34031
3173125,1351359
9219901,3405767
15766776,6448210
18667307,7340907
18811324,7392660
13623874,289426
22841551,8301288
28091259,14735317
17657206,7008445
23266378,8596769
15790894,6572837
807044,90077
22469,12803
271487,158276
205821,5325
975885,52468
16114675,6566802
96908,55743
158479,9790201
71111,40202
22751611,8381790
21801701,5778736
20483084,5348132
13410943,6653763
29776603,7305355
13505635,339420
34091026,16369688
432020,243395
109326,63242
28660,8591
3250465,1379078
541920,38662
112080,8361
21420189,4192988
105999,403
2781819,105839
6273,4242
384579,33297
15724908,6150699
12578294,3027554
16122643,4930653
18858489,7193037
18105451,3486415
18188319,2633785
13608133,5819903
6276276,171079
44323,9072
21853636,1487748
20649195,6470568
23299513,4864634
23533039,3365457
24382227,7360516
25810500,80808
31952703,1348627
102142,9558
6578507,179578
647579,120835
104069,60172
10801027,4503081
7031834,21911
13448374,5101366
5148758,3489
6987527,4917483
13222508,240484
36613718,17337861
17140887,279593
13059477,4927506
31202835,14472017
34324484,15100007
25903764,21618
65399,36935
6076107,2761
9722219,46976
179734,90070
449,296961
300674,173264
3241366,1375697
283489,164714
291583,56977
17181677,6517376
42435,23876
18388177,14250273
12578370,3027554
23353850,8381790
23494599,9831660
20890479,5309857
25816447,5335601
18102827,7141792
20640467,6421828
17679368,3408059
20926065,5821204
1542100,718346
11979900,2983974
23492533,6994731
647492,99126
89231,51229
30223025,5833089
34433755,7034280
12540,7113
1847329,843234
6855506,112719
526869,21004
23230,13139
13664,874602
13324895,5413978
577184,202355
13062488,5333630
140099,81017
10822395,4668167
16160701,3167424
27259009,11327592
18509683,5344531
18392459,2126339
30095464,7055613
905092,659
25852870,6429
3060904,626568
958277,769
613268,332067
97408,55943
207802,121585
263731,64216
9327053,150702
13060609,38531
10088219,4534486
15808474,60177
25067570,7942666
715995,6454067
23012877,5737121
20702025,5282455
9783200,1038226
33643994,14358948
25756328,14115788
315511,7735
35434,3231
15803037,6903512
60200,2885224
40271,589
523795,90990
13278242,4388953
824204,43186
793298,101078
133547,77023
6681523,509706
6796044,2957043
12648447,5213951
17832472,6420295
476733,26115
858719,73337
17670941,7013486
476909,137561
11256293,2872571
12260585,81017
12392681,33918
18808407,7422779
157551,91148
15843286,484627
25573977,7205478
18710209,7359318
26154406,74189
30969741,15455603
36595101,188983
27411345,5898355
6788533,988402
8752457,4019884
28815371,10802967
353342,10105
7544649,151973
10669,762
11010251,57239
14686,9172
12830117,5021072
13540215,5774116
2182780,37450
18171248,6953498
13436384,27372
7238737,3203095
116925,5615767
17902141,4499623
1212868,588448
6729300,538003
18829666,7105371
31283058,5752457
20613624,4719213
22429350,6553850
35297394,15941035
31862,36556
348632,200033
833060,203311
462658,5244478
268437,43734
313631,4314
25843420,3087199
6556855,588558
12759057,13557729
6334523,93726
7940589,107079
13449677,3251728
10479750,4651111
91487,5672
15740944,4573983
5055737,5514598
95431,14965
1061557,1244538
203899,23924
12649,7994
297929,8695
770614,10087
5598819,1254282
10327294,4608985
179166,33503
16982,7338
178493,99961
62805,35258
10950666,4887264
177395,103302
6760780,321303
1238684,27372
256003,149625
15789443,6456912
195144,113780
323172,4448408
13542990,202782
13083008,10289
400812,91102
36047860,396165
24612118,690619
363499,9241
36162,1276004
492069,128570
15734163,5828179
430968,217419
539904,48305
112525,65135
772716,33987
13056868,99117
10535458,4662744
22692740,8377979
10837174,4493935
41014989,10917
6764886,4260
2696181,1182751
30625170,15365638
36071,1538
28512486,6947727
785092,8656
42505366,17203508
6290240,42110
766955,3162
25148,14139
1829655,836009
73574,41661
6589111,363405
8838886,4178161
282356,164153
845150,306449
1162185,485981
13246736,4086715
16101121,3472732
48019,12008
13413589,40563
22494969,8312760
190999,23012
96123,15445
77398,702
14096,8750
60411,5363
19809,11789
316558,182089
33553,8726
17789633,6468237
157387,91085
15812779,81017
15726915,6431805
3851380,1441
200544,49103
17235448,6887772
20980987,1010543
24985,14032
33297,18708
2017056,3509
11297376,4607856
9728761,4171164
874419,24846
6506483,2945688
45000,25254
10564983,4668167
14295,8885
16234269,830098
12651,7994
35292712,5804792
5711714,1079136
6698199,2868833
306608,15091
7311907,1641
13513092,234724
169354,19563
780889,147436
13091829,3387293
16029994,4785031
135486,18163
8573642,4116488
13414835,5446913
6668592,6218
78127,44306
6314763,2867696
13409664,5444060
23129923,1914334
23209924,1226977
13455534,27498
21251323,5992469
27834600,9013543
25893709,97313
191113,33274
6782412,1122774
6149219,103359
8853482,4191700
201111,117297
10814693,119696
13122090,5355122
13112023,2875124
9403947,4382157
74821,42437
28664920,2894415
9471031,4230687
14069,8730
387348,7305
22227607,6572969
12700337,3353516
18190208,7170939
17448097,580315
537124,19475
252502,18930
565595,60478
95144,4489
75479,598299
12408149,5018174
61463,34589
646195,23157
6398385,2898479
26348,6366
426775,3490
17934647,7095091
99738,16628
26114291,2868678
24529123,6439440
8765,5691
35380157,16974988
3686,7136914
529126,97228
8369681,2983974
1270615,18015
11337189,1410
13549869,3409997
13345975,5421050
13518793,3200938
17671114,6217503
7737900,3377501
18505832,19696
15777279,5833418
17349153,5407300
38600870,6887119
584637,57651
8597275,4773417
1020102,111002
49838,27341
12872080,6162355
216213,52050
12819342,5259422
13557662,4115682
656836,92650
15833525,4500872
9741685,1025280
15749143,7742
692935,34160
17574849,971054
25876993,14155920
42694,19708
2615008,389474
75703,43028
692969,67276
195806,18015
830364,3047
27298,15322
7242100,1827868
5709572,103359
74928,17272
406425,27641
6572270,243930
126005,72467
26109391,4113638
2905807,2863794
30312700,4485813
582533,41093
734191,389599
99461,8516
3295696,1395810
10025007,1428675
20701984,184459
10335701,4611175
150236,86808
16762211,6431156
8101452,194256
49176,112258
8192391,2613
6320247,2869923
19138879,5365396
28698224,8424949
25733983,14104736
2586771,49229
267869,156327
6389874,2895111
52362,15085
954303,165682
8789318,58846
9712341,3212742
10105459,13022
17149088,4629194
16071748,4414255
36621586,13922215
144758,39788
202292,93012
105687,51918
242201,821970
7092507,2274221
887201,9345
3134981,17029
11205804,4787929
10637697,3390621
7823600,3342174
6146985,33653
9622286,221556
9553614,4418815
16101018,6561846
20871425,6563368
22237681,8118655
342994,6378
20561916,7771337
825377,198837
228990,12980
13409405,24009
10337453,144788
16599,10116
13584400,5437976
1479967,692656
7433963,1504898
200362,116858
6375845,32594
28477789,6887119
15791085,5303332
828387,41814
770051,27861
56140,31726
12901365,5005267
7954894,3453827
40940157,26417
693016,27847
8041873,3484883
17331819,3097905
23601046,2918731
18464362,5214733
23909755,2916869
20404905,13557729
23346335,639491
19000898,4601681
27269638,7226675
1556093,2995925
35724645,7211470
7877549,800019
94062,53974
9642278,3342174
10640020,2812835
782854,73310
9867814,4445700
6641635,2830341
12114440,38066
25507388,6872506
22896551,7374721
35349,19956
7579,5269606
1132597,6519
1215920,6606656
10739664,4705142
6692041,5815562
894111,47406
25463009,9811081
773971,7927
13549375,5778695
122649,3565
103111,15091
164722,5816
17337522,6475976
6056520,1938234
357399,8564
13038833,31232
22020598,4632663
177076,39412
10464963,4464
21796,12521
335140,29574
15790886,4254441
17131869,24514
25587,14033
828140,227160
776489,22652
212615,2967123
2043100,928415
165395,23511
773858,7103
38330854,8555975
263146,153733
769255,64364
8144743,3519233
6682769,2232265
6323474,2871046
6218007,2830569
1158380,292578
514210,1501668
18068029,7246093
1058726,304026
768496,28345
4558004,61277
2316940,1441
13410938,4835954
16075615,5241601
13642663,3449712
27161156,15109469
154126,89095
845977,17297
41581171,5752457
32505753,15945524
39303,1356336
3559,16759765
36086,1563
38855,16541
9545064,22506
73188,14919141
296901,24514
12440865,5154295
8501304,3220024
3860977,428923
7998541,3044063
137110,438
80642,5662
9654,6085
2794955,2357
790319,268304
12394732,1378521
11793544,4946788
593151,19811
11512718,375143
6612005,2789878
17928184,6950740
16060716,2526
11699055,2889003
22067087,3213942
30649795,8394519
6081685,2776647
17209607,1029223
15748529,2860219
925,603
112136,64845
6048518,852078
5186,3525
9539767,3519233
467164,7906
198505,9996
31450752,15218531
89195,51204
18419,11095
227570,209
420849,237385
14743784,5073459
38333,21574
17602565,6444714
14290023,19954
37347,20989
17660704,6421828
22501028,457
14781171,5260599
26521332,818808
69094,38932
146064,23056
161361,46097
13099652,5347052
16718816,5436815
12844699,172490
56454,6547946
57736,32549
52762,29805
116343,15590
46917,6878
7171882,27206
12814088,179712
27864391,49229
18077836,168647
1016875,30716
46064,7190
32337167,7087549
852885,2995242
420733,16961
8727466,712666
7719248,548551
294963,18100
13496831,5347052
1678741,2614
15835020,3114906
478071,127216
11595072,54201
400763,838305
6713071,22782
13019704,1051591
1206073,5062
15799166,6459302
17185556,6568302
65959,37202
23705512,3440476
908311,52310
8089,5339
10637959,122302
579228,13589
383196,7054610
20439328,68992
1098486,542704
6657,3159984
271295,158170
978098,83003
131847,3622
413432,128668
383129,171139
5024334,317354
217008,127176
15704459,38550
111879,64716
5600151,1932450
387339,20560
73965,41895
18635086,903992
13843,8597
8697204,186987
7656231,164576
7247854,3206446
985386,4958172
9876989,4107314
3437328,25375
16119079,6568302
21936988,8152069
207798,121579
69139,38954
2074153,803796
278280,25376
24081930,4399719
334818,191976
25056040,2759153
64105,15590
618164,7531
3302568,1161372
81992,8794
487445,12465
388698,221019
20564828,1080585
13501633,2860219
23252517,5829056
89821,51563
277897,131208
288159,167047
126512,72703
51364,643
8449698,86778
48176,26978
350678,19971
44230,24844
13356190,45687
400598,49187
13069681,4086928
17569860,6872165
6811150,2759153
13922,8649
769712,32468
141452,15590
18039963,6572575
891813,29542
129613,9885
129308,57461
1013383,103243
133906,36910
3291,2238
6186355,613805
556629,1250965
17380041,965819
17793815,7046321
11725779,92650
7963189,3456441
142292,82111
134017,77318
16451,10020
238460,119933
112286,6225
2274683,1025280
9314304,92650
7352053,3242814
93453,22782
760961,27276
70101,7617
263176,153741
12334,7814
7968243,5741
3100092,20524
16304482,6655354
49251,5882
13494365,4629194
1160780,148613
963679,38658
18163646,6094847
23399192,190578
672493,1082290
179579,2413
70287,39621
6691280,57198
218677,19317
1948904,145946
57778,28380
15746882,15292
88612,1392861
2771105,92650
10331607,4610078
70582,22548
598117,117775
18114142,60390
2798263,104514
7716140,3369676
9440448,4610
12902757,499602
206796,120948
9433912,287923
148809,4432
12530,5209
51877,5001
10055,6565
10808013,33031
9306975,2917423
49488,27874
196549,114528
2219694,348878
11500552,1026961
1134122,8435
11147422,3041100
857528,37836
13330603,3509
1474628,690619
8299165,249843
563820,57189
16077954,6519108
18076876,223343
35487055,6461519
1060439,7294
10915691,4665259
6234910,823146
5755,3915
784848,5073
1381691,393138
7824314,2172337
22217702,8179815
55022,7031
30437,6218
11230,7287
16158611,153738
16166080,6586254
6318238,2869203
13517617,3131761
15451058,57108
3430897,1435883
206472,15804
25622782,4194881
296384,1455604
33727,19005
122967,6378
28735,8685
346272,198623
9738582,71688
251665,28244
10867,7103
14280,6410
164221,22602
6920820,3095878
449017,706620
22107044,7074846
951749,5376
263149,17059
16174176,760524
17231976,4330590
16099159,6459302
18485973,4882127
17032328,3112212
17560674,4882127
1967070,38328
57045,989968
107105,18327
45432,10896
123632,38285
6327801,49177
6533687,2956016
347151,199175
8572704,374429
12710096,4062698
142181,23419
2873007,5813022
444347,86085
41822,16667
9260518,153738
17165932,4027380
29036,16328
626186,67810
494304,43970
24847,13996
11045709,972440
17305041,4318269
27152124,7059622
359194,124526
6509143,17082
16320,123715
2734278,15952
33418,18800
7863163,410993
18623052,3425403
52367,15085
761154,25375
17978160,6553850
911579,12076
1017971,1256582
330721,27847
843989,575
5554803,16202
59807,625
11978910,63898
714571,57462
96472,14078
529701,10356
11185432,4807573
10116927,142462
16069262,6549512
18952341,2917920
10907,7127
20663749,11783
10838776,767317
43799,17553
43717,12772
6933138,3100202
607559,329391
2017717,1402383
17607319,6436698
296570,171184
95141,54751
41536,23417
7252,4852
11834447,87305
904488,33031
7455,4415
3477698,61859
10109,6583
16139641,6574132
175626,62257
508903,21625
1559633,7259226
125965,72451
24235463,6446815
150253,59712
595586,5116
895479,13072
16041169,6538202
17529,8105
458003,625
25190,437669
1022376,4183
18467802,117786
123031,70906
133937,4229
21491,12465
11378402,4949972
193093,112477
102458,10182
827685,84278
11044367,4774653
108137,7440
6537,1025097
15701217,2508
17306969,5784542
20980373,6518370
7741856,3378915
17469800,6443115
16131601,6538202
52042,29365
93996,30702
308581,32005
5633958,1112218
2715,1847
18472710,6456709
423245,2644993
508388,283031
4496091,1875994
345660,28544
7105,4778
710826,6218
157687,153341
4859743,2022437
290369,4862
135048,50416
2989344,966321
7779757,2041855
182496,10209
104106,48913
58,24
639197,344618
351461,26875
938105,82608
12964250,4602925
9776876,4475986
6440071,2919206
181086,105562
11813450,4975888
6033480,359194
12204117,5019751
41457,23356
13412018,5445209
13372959,5430253
12567090,5188441
13143456,1111602
3284192,1391437
13182986,5374565
10809019,4719619
11698943,4432824
8089607,3501390
613605,83937
163677,95013
13452847,5625059
10211494,438483
11942639,257934
10900053,537990
12339830,5121644
479519,102967
15705572,5823058
11718466,5001654
748862,3495853
13576438,5779328
8240188,1687270
15980748,6517460
8376729,4061922
17303541,3301336
35156,11735
7077917,3148560
16008616,5815513
15803757,317354
17399863,6082024
16150740,6580037
16152057,6153801
336518,9876
15811102,15463
12439950,5154098
16125520,6571021
762732,25890
17873881,7072888
7685281,3319050
321353,1637418
17984619,7105888
15796469,6458922
18040004,7122185
4366431,229517
321459,42378
18213325,7112966
8887183,4200652
10852343,4735144
18772075,7237845
17872528,2654606
17900221,7082224
18755640,6857154
7743783,3379564
9999795,4530313
18702030,7083697
20693377,7336499
4015864,73187
19365485,7535683
10158656,4567126
32289,187
19139026,7353474
22012747,8179036
87564,50303
16058610,161149
18667769,7341041
14760527,46474
17571569,8030427
12853426,5268666
6562748,240840
15744141,51118
12730666,1214140
11389398,996558
417656,8835
21882327,8133574
18465591,7258893
489972,77098
15721051,6462059
16002136,61382
24522888,8154595
769443,12758
13360957,5425858
17660979,3203095
24307444,8422979
18002681,6451816
17161185,6861797
17373314,4334648
22878967,8427407
23870514,8151452
15832350,5176055
18806259,7391763
17835727,14507930
25539647,13984955
25832342,14137019
12157407,5267376
22809818,6474993
16406114,6691397
23622600,8305735
13450398,4750818
18488433,7267262
18634859,61015
26861818,7397563
514771,181668
17302559,15890
23578,13311
17564246,5349971
25064648,6567825
18103276,6534195
34209372,14537381
32485744,14206027
34845079,16484850
28956867,13583042
30340276,8316649
15717298,335532
29546259,804168
34748077,4596718
35034369,15193340
38227140,4725624
36793989,6534710
25692886,6904806
35407312,16953774
40113250,15683552
17333180,21748
31207572,7429243
41562587,18332475
32928987,16062789
35297380,6610348
25264909,1633234
13553217,588558
440777,16902
22628234,7977202
20517739,6580285
17302571,6911915
21428094,7056935
586732,319770
4476999,1868743
17998741,7181038
28107444,620872
37539001,14584166
23163343,7149925
29102841,14157664
29430012,4536964
34857255,16722065
3345951,73777
151755,87712
1862313,16481
91001,52285
201642,83937
904965,175203
6213703,237997
468488,262549
92581,9465
2288200,257934
6614154,2985555
1704719,784866
329326,161399
7492383,81096
7861169,489970
47906,26878
9403048,1569666
1316382,5656153
551876,46204
10836748,4668756
315578,2939184
9581507,29471
2842796,274667
6970490,456208
11557282,2964069
3525895,1489978
12789642,4839848
29015,11646
7199829,18967
944555,217735
8579486,174586
7151711,2833211
232577,136081
3564825,1508588
7977037,191456
67880,9016
13502238,5181752
603204,1785
12988004,833687
54209,19109
12732267,5235670
7205214,3174636
8582356,4119134
15738256,5298385
16059057,6545102
16180723,5698327
287380,166635
6056287,1248068
36347162,18819
825419,169954
15832231,420047
6905480,3090287
15810471,6463048
18002005,7112966
17400970,6431156
12451769,3340475
91017,52292
21911024,6200344
17277854,5806018
13144229,37249
18335916,7223602
12092005,2937053
18799225,7388591
891593,8730
19068786,7341481
18809474,7203641
19507801,6994731
21971980,6868657
1283619,1001895
679702,294697
21915383,7809260
3472820,1463436
16030663,253358
6011949,16625
6850768,2936248
16067008,4011455
19214578,7496678
15780279,269342
17258293,5771850
18460726,6445292
325661,16147
404874,68536
3761596,86003
18008080,7115378
13628172,164187
23317538,162578
24466484,8107261
313159,146783
16093761,8201104
47122,3472
18518269,7141792
29962194,5045068
5181,3521
11103746,4789680
23009011,8473856
30213217,11680644
22889766,8435477
18263530,895265
619962,335181
18044412,5895680
67464,209576
7962312,129676
35356380,16527452
3394,2313
101911,58843
24485589,4615776
35512560,16979140
23160974,8526768
21524446,7418796
81042,46138
30237061,15269309
10340846,568672
31408829,7210024
414692,32638
229033,133908
4313522,702360
3217673,660996
123544,5293
43401,24401
41701,18411
270367,157676
1689657,47834
3029362,600299
65056,36719
1722607,669979
843588,59060
565335,214232
8621850,202936
6270483,2851248
15721,1899
132694,76471
206868,6375
11021735,4478744
1532027,714250
337048,73812
5711852,57462
150122,4708
11225502,3222611
49195,5944
7904453,2917917
837197,435114
1300866,49014
11788404,2950094
6933135,3100200
11983951,103615
7039742,165466
13742264,5169670
13302279,4061922
2145681,3058
16207330,6435350
15802906,3513
15754577,6443153
16161536,6519108
60220,33952
3920088,87534
15808466,54450
9762,6374
18211118,7178194
12844575,5287439
8427264,114998
17311105,6914886
12764606,4024
13157992,5366587
476575,42353
18487669,622455
17221425,2980235
15823426,6895821
18813006,7393090
2135550,1036736
15839322,73977
18079492,6177334
13642753,5109680
7342071,2266124
72707,41141
603260,166104
1497534,700231
8253037,54475
20652686,3456705
20740634,7765793
831829,58947
11836562,4983116
10319829,41322
12109310,7436684
16100436,2938554
3212989,4509656
21948349,8155833
9277339,4342615
17969685,7074841
10662433,151371
13611440,68959
21856443,7847481
46722,12627
17465447,3407883
19504319,3400294
17586459,4147574
28604340,6761864
22042627,6563368
18142403,7155023
26013033,7948011
13260536,5398571
25344650,13817906
17341550,6925957
694226,5989103
264892,5822041
20495415,7141792
1193177,580505
67825,38238
16181516,5761580
28781531,6434323
18626111,2884305
44185,24823
23492504,183479
34828719,16694297
36194389,17146284
766020,7518
20757532,6983061
34386617,588356
18404427,713
7348445,1061015
34947549,16448164
181800,41495
30523827,4701504
23524878,5898355
312435,27600
17736248,1649365
30038977,6470568
21396155,5625945
37684,94838
34234639,14672377
28873,4777916
411199,20559
20743633,7827599
659002,1565
95532,54970
6304133,2735638
84699,48465
315783,181627
7896141,2754199
4889214,220799
377679,144024
63504,35696
1523438,365388
796429,224336
300043,4633
1108884,546979
7178978,1373542
162331,94153
7995207,1383409
77125,1476
2392599,871368
11286888,4831831
626685,5786093
7932775,2130
8786358,1045593
25673,6819578
11778281,4965551
12394032,5139707
820966,29874
16442,9833
8431116,154791
12074927,2768002
4583489,27209
568592,732829
335459,2657
11029842,5596285
11603886,806500
2887157,166614
10790376,4654545
17561160,4801312
17185511,6654493
6828896,3064249
13557166,995289
75639,42993
191212,28463
5322135,724724
144127,83308
6077869,272650
11788440,4575326
930428,474489
13147661,4413626
263021,23503
17383763,6458246
47944,26891
6845839,4999130
18250100,6425980
20407756,6885811
64251,36203
20734410,1161639
15864513,6483061
8673931,4145664
825750,5732
2230284,1612
22365433,7513718
12040782,4342615
9795263,4485813
16152890,4401574
12577643,101078
15746101,64364
6238944,1772201
1845050,21261
763362,4112157
24699867,6422281
22618173,7145854
12945191,175035
15747708,3167424
174845,29333
2418888,483588
24892572,13485858
13376363,5431334
15818254,5833183
18680106,4805272
129582,74519
12700790,1192311
11168429,199737
6699443,3016878
13737,8538
7337871,3237942
30968750,5298677
16137205,37607
77589,43999
16126395,5595081
27917957,4823432
39916,6884287
12969636,2696
15826934,2261547
26192646,9824300
29938354,7020203
35604686,15450609
34726469,16640489
28245707,7154841
30858,17295
36118682,15600590
1140987,70312
28458598,14834224
32939643,5784542
406575,230318
35106178,8759
36117813,5193034
17230517,4558309
4477,3078
25089757,1041872
29430869,8258
195211,29947
2063563,884168
3398701,1431814
109726,15975
821026,207466
2506250,1111511
134958,78035
237900,10547
72694,6944
1004183,72012
6663818,46245
43603,24508
6601221,133854
290252,6214
10841337,4147574
167845,44037
3121162,3530
6052079,2986307
133486,40882
1932042,99836
6746528,922699
1205982,3510823
12084655,1045593
15748293,6440498
6617506,2986789
17133266,3072557
12176602,4529674
100834,58194
234559,24655
8849382,1217665
12924307,164576
12985143,4124788
9797936,4015097
7664735,3351599
9484114,4024160
10586317,15035
12384972,5136485
18251073,1731002
17204568,6452601
1146093,22414
16071790,6175529
24334,13669
6348864,2457566
13037689,3342174
17612258,6995972
35125,11735
7958702,800187
1005680,386455
209576,122676
17798233,6875794
13108849,5288391
5294,3572
18243325,3020417
15814895,3409997
32987,18495
239810,140320
15738354,4822512
21526646,7045140
15793074,4820
7575266,885506
17316770,5804715
15710557,6425045
5704478,747437
50750,28550
11301,61105
24501994,12636907
22609434,72439
2884065,317354
18187566,5607272
131060,73699
4485,3089
25560247,5100743
475166,46603
1397889,108007
13931214,3167424
404857,229443
147602,4645
12436013,18880
13626818,3370555
22775126,7109423
20737459,7759811
354258,22889
22399098,4428962
449189,26766
16150320,5784345
11672159,4719155
25867345,6802954
22825631,2852315
27015399,14469474
23199714,5337983
7767021,588356
12190308,5081840
28217831,7276000
9824,6414
3319544,52862
10577,5858
276123,266178
32941909,16068544
32721063,15423679
350790,81096
19447,11653
118824,68790
33158544,14612163
209571,29482
32320661,16022936
9415946,2884780
6798263,58605
23746004,5363529
275245,5217
6101138,58851
28096541,2871046
25733965,7155436
373009,8694
6263078,990148
1128364,79632
5451,3681
178196,3424683
58094,32674
18212,11004
993839,269098
263550,24827
6202108,27212
2999282,10482
49614,27944
891922,4773
9415966,1141204
10957730,4736939
11724850,767547
6541058,2958986
12354504,1325722
12547098,2770941
23316,5686
12594758,5195639
13490992,1530940
476103,73528
10364135,4112359
6423507,22067
11785661,4967856
14061520,1122775
842264,71159
12974770,2919206
5648871,790918
17157641,6860161
420297,967839
1547026,2882578
17907218,6540645
11186443,184312
18683541,5044405
192888,8734
124982,71991
303615,159357
2210839,463173
20550167,7091608
1053783,304225
15783386,5763676
9996645,4513317
13450407,5622767
13414964,519824
13630629,4485813
18069353,7131935
18591715,4811802
52101,23924
17212972,6567432
17437203,5755802
478246,137130
8934126,1179982
13502958,8588
10048876,123719
191411,5792
23153351,5155341
55096,31095
29405093,13672918
23310751,5822460
18191815,7171528
25908870,4724550
22668848,482295
34511672,1571853
23281789,588356
23719270,4774653
35924698,15225448
7938057,25573
30134847,8534434
15832002,5360266
93273,13867
6515834,1362751
18782912,7384403
17924987,3413449
10201216,4605878
17204058,6876994
14553840,6075654
272211,7810781
153219,6256
72441,25492
69864,22515
6930002,2916205
1655668,111012
8379305,4062676
30919,11315
267745,3119
482889,142411
1025039,878225
280499,163176
9550264,4108184
10757749,3409564
13449858,2839407
17832415,7056720
17786125,3342174
18730333,7365697
18210684,10319
3133562,846795
912218,466652
18154,30891
14743629,4114202
21538656,6863455
1003985,456850
15816412,4486715
20632650,4149342
1861535,306449
10599735,88036
10381472,944594
6121374,3102205
9859436,4499623
18659745,5181752
16135109,91168
17798654,6451816
20518878,7215201
19102837,1337488
2465823,270447
13411546,4619719
906860,7074786
22886708,2925639
17863,8794
16158525,6583160
324296,3352
13130990,5756976
29075421,7233168
1765082,24953
30893014,480279
31423551,9831940
25072476,13574409
4110127,41954
336734,41093
34262106,16437249
18209411,6872503
248170,145047
201126,2059918
23012543,10305
36373463,6485178
9999,6526
1991039,904719
15738358,4824985
10196362,458771
562747,203076
1201724,56162
403129,99642
763426,15435
116297,67406
160629,70993
107799,62357
3919080,498980
833550,49420
1311355,147221
111044,36718
5220293,5030329
5931169,9237
16210411,6612545
12814594,1226977
11508357,4108184
641936,186034
13488738,5406631
6734445,2882485
6605685,5813022
266485,858
817377,23294
15989598,739875
3011919,1294984
11082037,12470
220755,90090
16142151,1023510
20946280,6941668
21948425,7163319
16101026,4718528
186337,27341
10765906,969638
2320230,1042875
11367737,1713021
13624584,4499623
133018,14965
269795,10108
12000129,140894
133017,6153795
12986169,4074044
6280641,2854971
18221995,5771850
109901,63607
1705697,1161372
25000053,13486461
387627,91578
6862,2408
11438693,4773763
20737479,7759811
13270,2192
22836575,6921953
11962848,154791
17566814,4519247
12788665,14655
13330370,735413
2615,1792
859500,34171
12788061,5251026
15721624,414681
31451186,33919
38390771,14434144
203968,16166
40776163,429
25813942,71170
11023952,71956
33282947,7010806
16006132,6526309
74274,42110
33453,16218
570758,1495208
9481431,4399719
9280551,436431
115030,36913
22992,44150
7362638,2924010
8079528,3497918
9583227,3387675
570393,4768959
6658568,53970
5778773,412433
10335318,44565
13015054,4112359
8884616,25422
529241,92064
10101733,4087274
589118,320930
179737,90070
20927491,5821204
13092528,4824952
22174098,6613
20649133,4486715
13665100,5837868
356321,4788791
15832932,4660036
18889290,484627
11544476,2945301
18295858,23613
313110,1244575
25731237,7163319
22521314,7313508
303639,51488
9755855,827236
21851568,7091823
29917,14655
10912,7128
385,219
23285659,5622223
590552,4489
123653,3948
236557,12425
7027569,80212
1838917,1645153
460069,578
706476,16291
239823,9678
1948985,15882
2138727,972440
231566,267618
174354,99685
40795,1230
944267,1114699
891814,29542
105920,12424
9833965,1043497
10592898,1140298
34908,19733
13423215,5278438
828015,95863
60407,34055
8697191,75375
10429005,397315
6460146,2927166
7693972,80941
11824,7536
525285,70180
10346185,38531
18108542,7143940
21474459,7095467
18660750,7223625
12912519,4651111
17211803,969638
21481392,7075737
464685,26771
467457,261937
16042447,6538688
101999,31274
18047049,4563849
366427,13078
23346358,9013537
9477628,371093
25534273,13980964
13932,8650
826576,138514
23253083,125308
18693929,7353473
71730,40541
79448,925519
22838220,7012378
20758175,7832387
25810398,1856113
10024937,47072
35439987,6938728
31555,17674
489830,273519
682751,1435
42146,23704
5576654,2469379
317121,1967
10593908,4673950
724994,29542
925697,295246
21343,11503
146656,1879
11859244,79589
7743801,3379575
59641,15248
197132,887400
16090636,6550037
285011,165519
10757806,19093
7286910,191014
2634030,918374
8230409,3091065
18157092,7159360
12035966,5041072
22337670,6521131
9972838,11664
20645941,7061349
20628154,7792274
20821386,6259
13260802,5416090
6606855,204812
22675858,12535
1019924,265887
500463,87205
8514027,53249
2974811,61659
12888599,5094344
713798,82453
8970727,18879
27155350,6887772
41834793,8306309
22012863,8109273
22571365,5295120
111050,55397
11077,7209
2915026,5741473
11978094,4699869
160852,12736
10443756,4641669
12088007,4046931
1258536,86816
19336,11593
790289,161133
25737,14444
186344,12145
163921,63670
73090,41313
17185633,6870069
337116,9226
7334201,12437
11399934,1414132
261670,31683
87635,50325
17253860,6494965
12260608,5100095
30680,15544
642460,227048
280412,163130
21298206,1563059
10261812,3023658
16153261,4401574
20983026,4811802
50937,18731
13414810,1858606
250825,6176
9917957,99117
764003,93488
141860,4338
10594356,2945688
18782855,1691206
17167084,194243
11214214,207356
581409,8725
32498973,13050708
26893819,2926065
123170,70978
397150,13728
16075611,1451404
29011,11646
133793,77193
106164,896419
24248,13635
12535,7113
121410,63760
83829,47991
11344621,4457932
1032696,23294
12486526,3319171
7096013,1163390
8675320,18874
7501962,32105
14739760,6150565
6625698,2989576
93793,29085
14058669,580315
18071872,6906110
20318855,7488961
13633280,5829057
12578305,3027554
16123804,6570230
16064396,4720363
18285437,7536047
13369227,3525958
6388743,2880615
29895106,14469474
12551077,4506073
32848471,6887119
29847473,7544723
117370,68092
3677902,271908
6281917,527011
206899,121027
116445,14002
13158512,4092090
69880,39326
1896346,16525871
147732,66186
148821,26293
12871657,3125711
9749291,1320312
903288,402788
822115,99703
134353,12456
267972,10006
11861715,2895707
13086226,5235537
12688952,4968404
17886627,7077963
107025,4822
13411825,5073330
6456016,2924930
582143,47407
11320138,143691
6570502,39021
17261129,6894995
126077,14549850
1258333,504754
383514,202867
183126,48593
20763881,6175529
18710920,9629
11627,4379
30268522,194416
15811495,18282
27860802,6576110
25164304,13659072
716944,36722
126049,72482
432288,11882
53007,29952
13122965,4849669
2122216,791996
13563459,5785094
15709104,6424546
10755443,3420702
1309025,35848
1778693,814354
85222,12940
2474047,5818
8460524,647438
107029,61922
12579262,5191177
333301,88762
10345708,58846
13637128,1585457
15801226,6459572
18143974,40851
94053,6367
1188081,83091
18658071,7337010
240188,6162
22749796,8393981
393474,45191
251052,136085
1585299,374437
2227528,9388
7420106,1305376
2310220,322733
6096829,543719
980426,4026
223635,67081
17504621,5255580
12144569,5070015
16134829,7319205
18074107,6921962
20883847,6524620
234093,136951
6185409,1100089
395112,142353
10284324,64028
26615962,7121791
25176,14150
31371228,6981617
30653967,70916
34851664,1935000
33961524,16341016
17552467,3519233
352828,202312
39980,22414
419409,95600
420278,41588
151374,502766
3196717,2890051
4328865,580494
1779929,814940
7278720,36122
11824848,4193568
211099,115943
9748208,2860092
6534932,2956496
22613,1264
5240,3545
17774609,7041163
106590,7922
9862105,3060067
18053047,20989
18079501,6537386
15816410,2803627
17566943,4517253
18171324,2131916
32377,18233
140524,61934
595397,321303
15803758,8695
231821,64654
161402,9325
13120464,5354569
364550,51746
1051588,56747
105490,30852
94803,12447
192977,1387927
64023,36065
9583173,3009541
64492,36351
5404,7051454
71023,40146
141270,1569298
13583766,150038
570668,40143
17201095,6550037
11724858,4949584
11356211,4785031
11026,239579
18242263,7190029
12754689,5167118
17352909,218105
11702088,5040774
16150996,5131072
416108,74899
1763363,881687
414655,32638
18110734,7144849
18068907,8660
269362,24690
25108299,7142865
248584,4099
15818029,374504
35965779,7505427
1394155,6436872
1264695,241301
190572,90845
10218,1040250
7693853,242473
7296271,42437
2581350,83085
6611024,1857564
116223,67379
291179,41013
13601550,5817154
11356936,4100198
764332,7320506
18802903,7023081
25781691,14124424
18209454,12712
20645398,6590573
20657437,3251728
603398,326338
20894026,6846
410810,10427
22926485,6551005
21996359,114528
1072949,75626
7114761,13370
24727094,13374043
34043643,16360992
110996,64204
859694,26656
7116280,97199
774449,7267068
180584,768
103386,25421
13515264,267687
881346,126211
773276,26181
16147062,6473923
967511,43889
8272246,222977
16582289,4362934
71642,23988
143675,59705
16148208,3405346
16058045,3340475
600567,326338
18071924,6949287
24452249,3099070
34371311,8184331
377889,2012967
23093359,439887
291482,4624490
176261,10333
91563,45141
13826601,511372
10184988,4548465
218637,18253
29906017,10909117
543137,881203
35993,8166
8725,5662
235117,63095
8262461,151973
8081589,3498720
141372,18
8452309,268199
246245,9121
430788,143178
3873328,1651879
8465337,140762
873414,732829
531509,29527
13645069,5833999
22046835,5865943
771507,16649
21920584,7061349
18079542,4721275
17372058,6896405
82882,26392
17185496,543716
22543699,30757
72989,33505
1559625,7259226
22649,12915
312596,3335
14060081,5445209
13548152,3497970
1087196,270939
590349,27704
12369649,4050842
6382952,1239645
17929950,4665230
13260515,4949972
15743656,5829145
6433341,84181
217329,127374
2295823,5093234
17258795,6896405
15790868,543080
969275,2686
58822,9219
8664368,171414
9530,6243
23602473,3534
10049436,2824597
30220,5129
292706,132923
329084,188932
40189,19316
224615,10791
2067180,16961
8139321,3159984
545766,60646
7767952,2743065
155421,41942
10194628,3413449
1819632,153742
190372,110897
867248,35105
23004152,8073851
11387458,165105
517344,92198
411701,16961
237117,10006
356063,204004
13558634,5029571
775597,120341
12476341,3111338
38155,21461
22013040,7108778
465697,11057
13037321,3198692
18812737,7246093
14896617,4293114
9578336,4426297
16166100,6586258
22088091,7848006
26021387,14195250
18669169,7792163
199264,49928
1024581,69014
383512,202867
227652,14617
455764,216539
1293450,2357
7170336,2176559
6388255,1932450
6779796,7742
582067,5908
17278153,6902888
76889,10547
15829822,6470181
16143323,5074162
22030490,7108778
13517978,5158465
7346882,35444
20512700,6941559
15711844,4984399
459386,5672
7432,5023
23281943,8623147
31193426,8512129
325416,70762
102266,23001
893731,6245
26759,14465
99219,56
54529,3878
6936391,3101322
2067,6952980
12411635,5145808
9396154,3111339
22760746,8306834
15811560,95232
510539,31234
19615422,1470927
4617762,487718
238251,139434
13185168,4292165
484110,25413
15018,9374
18143772,416529
19488665,6579232
263111,38631
122410,1041311
6324903,83714
6773700,3045001
8058609,1000381
13624139,4019884
419083,3098
6609864,1980985
240167,140547
15814452,715443
12911577,5283343
181426,33461
777423,408864
33413919,14775703
3895,2658
159177,5768
251964,28574
22600,12884
11458531,239128
6051589,2765438
905755,93728
1088471,19273
503156,32278
6251222,16560
18682615,7152490
576335,2565
342999,78305
27747199,7374424
250792,10697
359998,39788
1547049,720534
2246948,926628
12993856,5309014
12139991,13856
10896701,4108184
500503,117369
12026145,499602
17901769,5763301
498082,53535
18001399,5997227
229490,126447
11547862,132117
13449631,143691
108490,62809
2834214,1183644
17673010,6217503
2651779,1166890
19266169,7372898
17788580,19929
11836518,4983102
7504179,3285599
23306129,8415462
25135327,7151973
4005310,647715
10955056,21986
47708,9345
6531880,24271
28024,14521
2112823,962319
16071187,5108399
525995,9685
65091,272814
538166,53249
1207904,134964
39305,1356336
1098336,7076636
15528075,4983102
282282,164127
20359781,5997227
20359719,266470
15803141,164139
14031,8550
57605,32504
759776,311365
937122,477469
15827731,415636
13639182,5831672
9495160,3190846
6905941,21071
1175147,5755759
900068,26886
20708773,6897717
150222,86801
797329,7428903
77255,6760
7203690,8716
12624498,5167134
62992,20295
15808602,121825
1141544,2960
648194,21387
13479780,5749310
22848621,5997227
19370974,396931
6671653,23138
7431066,2749820
5842021,100752
2002857,909933
236017,23906
6282010,28375
8714,5658
13043180,4116488
6780702,5808280
286445,19472
22324683,5622223
23754479,2578
15755242,2882485
219557,79535
8922184,50274
6553733,5023
458191,231914
306090,48890
12717535,4712387
10890808,27206
11437971,2357
18686810,6571986
922118,41762
500383,42508
18679391,19683
617526,83714
640565,149093
23453112,9802136
65066,36718
185292,8661
1103210,63659
16176693,15560
354364,7373225
218357,127875
857501,11094
51378,10697
40508188,26897
23002906,313653
372853,3108215
6294709,2960
2873264,3842
5843145,927454
6261477,179790
7118052,20828
235127,63095
2414716,1077166
12988064,4106085
161037,14870
327945,22547
23495112,5752145
273788,132379
5205,3526
868211,195780
445747,11682
941731,2001324
17260056,5768062
493311,16002
71979,40648
23269575,6434584
599588,8375
112969,65391
14990,7956
62802,35258
10329470,3358829
231914,75603
16051395,6542246
17384515,5275947
17288762,247470
33986447,5346515
1266297,45915
402739,17613
6927061,3098115
6659597,5775487
9415958,432859
13455553,5626138
18269958,7141820
905887,242185
25812851,4428962
18459855,11664
857445,26181
13366929,3420702
22859182,8427107
25817493,70102
29939390,4499623
12396795,5107011
1062842,2353
669100,33297
4117865,8587
60781,6421982
15980677,234115
27391819,7830264
617510,282917
16112942,3319050
31476,17613
12210,7715
6295913,2860745
3472480,772663
338069,4735
25078,14084
18336450,6573700
12710035,4062698
97781,38065
6413286,1218557
403277,10885
2319370,28550
25307607,8379774
26131641,3500
39854434,6953499
1022411,29792
12387704,3169806
15747422,4873609
723625,113328
3751593,1598076
13131100,4831558
81060,4798562
21936937,8152045
9802066,596826
51537,14084
35720690,14112802
22297294,6549373
161000,3073
794092,15952
22471,3151
722251,23001
13409302,28569
377254,215013
12154335,560012
23398961,160033
468116,1194868
3081255,384202
186677,108726
7114825,8660
1569144,483910
7224904,5051585
511227,56353
22537367,8324619
133526,14635
26800718,14417765
30079697,304060
32532,481146
816085,128447
5931,4026
5598690,2489840
12174691,4958441
7070067,28569
6629340,226816
3598195,172490
26244548,7142495
9466865,1343790
596260,62012
27245997,13965390
977145,33505
62158,34946
8167094,509
13510645,2898479
10428803,1598076
7841511,28375
24500775,7055100
201146,8722
16127238,6561195
12084278,5054179
68218,14190
18017,7963
40923,23013
118141,68509
99955,57639
28020254,5769238
20443356,8605
179391,104514
208123,169869
208123,121789
2856645,80760
825828,28375
20573324,7777382
18935386,4882127
2857776,7941
79929,3187882
37076222,7327341
2391128,1068756
8175807,2040815
10148340,82570
30152,3601
20630331,7792877
516074,2966348
22588093,3431194
13547258,245368
77810,44085
7497552,1415543
20809,228
209966,12772
295961,19706
1064084,29974
13228177,171132
21825761,4439177
73934,28083
160939,23924
17290655,266470
18008076,6565151
10772961,4712387
9475,6206
219563,128454
15781725,6454131
99713,29970
10429033,119376
7155145,1791
181428,105764
38736,18062
45882,516921
815716,68
2141233,1401
174879,102062
12922364,119376
2881823,114752
2306829,387136
13221769,2897172
149059,7779
1022794,10318
229132,81338
121406,29182
12997592,4893411
12951123,4586597
10345642,2891503
21525988,196561
6609744,2172337
745308,114722
1436901,7723
662639,8659
17708622,7026053
198175,80134
17384523,5765468
4422777,1355145
427078,71878
213577,107072
27083865,7105545
395220,18486
2347881,3583
624838,52609
6599093,2980337
130219,44709
6606456,49538
7903851,4125517
7179686,1628012
6135633,33502
94317,54194
13323203,8605
1009886,136075
765654,198837
308251,91589
12680986,3228055
6862664,3075526
22693182,6452053
18043759,6885143
300946,38954
8124176,3513223
7926,5323
11929939,3965895
2248164,1015012
9788080,4483963
132913,14558
425174,397
946899,52609
4570667,184987
13326422,45115
127810,73340
462685,259488
102459,10182
13066,8178
163465,1949
1620912,1441
18756982,6540645
28251377,22414
49458,7906
40465,16903
644990,17564
7303068,168090
90574,52047
352724,202269
6534132,70868
233712,19928
604117,51724
61449,5124
9858488,47312
15726371,928415
107430,21163
16094450,90825
22543639,1731936
7456034,63983
9917925,594951
7893098,3431863
1828067,835348
26085,14610
367689,42211
335090,57108
12999514,4951964
13350061,8789
57950,23001
17878717,7074846
25372801,4918514
1184484,577199
8660468,3051260
768313,19051
228696,5989
256279,1417512
254262,148577
1289617,101131
22586926,5784542
16248078,29085
42778691,18616370
72543,2003542
15765529,410993
3004197,122371
13484226,5752810
8088201,17082
6407014,104017
513617,285453
10485751,1310735
6452798,380
23198876,7795802
9643469,287923
284295,162930
12363622,4605557
245705,1255971
21411062,8034143
6438710,16810
699654,858
640777,31468
275833,4619485
213026,22042
278701,129470
274053,130704
20891547,7875736
2281814,35022
5158,3501
402026,49420
25663717,14056202
4702458,26839
13153963,6214
3050104,27847
207313,6523516
394724,61659
12274,5217
221626,68912
706011,30860
68485,11889
35068612,1212001
227350,43554
270490,53193
11737387,849723
253153,147857
1114559,25133
218215,76408
1150987,9756
17869239,6432984
632753,58124
185117,107891
18242939,7190350
25311189,8635258
28363972,3041690
2086132,11646
8379666,402788
20931902,6474204
67140,37848
142849,17693
1228628,32278
220937,51422
31538647,1077326
21936809,7142445
36050260,16779020
3147367,3041
458419,241807
18475593,1074989
22055280,7086094
505064,65471
103758,59975
89208,51209
6462,1483
1355595,90075
330264,54427
6947949,3105432
12761827,5130089
7107515,127875
137599,12090
17332243,90780
680170,33952
402401,126453
18350989,4760403
797192,7311870
15997064,6522690
13495219,5757476
302983,8056299
156703,90669
22609364,4747988
99826,29437
56067,21387
79936,18540
151926,4000
11364074,4096668
193659,112892
17615896,6996431
93840,6263
808853,6608
16593375,6740729
15702859,1106214
6950451,33952
9640626,852078
23848452,4175419
21913812,419
972193,172931
781844,1506
96337,55397
6899530,48436
130881,75375
243854,14454
11231226,2013872
10637739,627156
8428110,28572
22522296,18341
22749804,61173
22450742,3329076
2,1077326
2657,1825
1885,1265
320,13450
19063,11466
170448,3706
11127,1069006
27494,1438
18405,11081
11870085,1406384
386162,4
5297,3565
370493,435477
6185,4191
968,630
929,614
24213,8164
10210,1036615
24280,13661
4667024,1943477
13079982,1630
7624,306
7144,3137322
4671,3190
375802,589
256683,150038
8127,5350
24178,988142
157993,1020792
18619684,498072
117833,3873
890,585
17245,6988
5129,3487
70401,1742
21787,12521
5107,819789
2998,2041
128029,569
28187,15872
10266883,4593149
33574273,106
13496,346732
2956,1244
12232938,316
19543,4489
231804,762707
1381,903
4214,811
32487617,127642
1953,239579
43641,24556
7604,5152
4981,2778055
10964,3617
35031085,11139
38447,3472
3636,2493
168668,3167
5043,3447
149267,3389
3590,2448
76620,7717
332613,7285
6514,4379
15823480,128382
10917,7128
1934,1315
343,39402
2429135,706255
39988,4273
6288,4178
17899948,2001717
14891,2327917
40961427,3706
4934,3137322
252577,3347
23919,4624490
7244,3541
52036,1113469
119322,3618
3836,4037220
49552,957894
662,432
2165,1455
5,1077326
99107,81466
43763,7577
153747,1624
4989,626222
37435,4711
16299,123715
2187,1467
1,1077326
186074,108424
24583,1244
113436,8349
36576608,11072
485894,5223
99561,1406384
1232,815
7008041,3125711
1618,1050
4948,3362
6900,2331
9717,6343
119073,1730
10365,6810
12296,7799
22034,12605
38709,6569
168642,431149
36236124,2546
3431,2331
113946,61105
6339664,2876763
256008,1055
100915,1069006
472331,3961
114345,5300
4556058,15872
6656,5031312
34268,5255014
355697,4116
9712,13450
2802316,137902
35545737,2345
3412,4917067
11735983,4039811
5907,656983
13,4
92303,3565
19501,11679
6867,2408
37415,15151
7190,4785
236093,3242
32929,18479
7896527,3433047
7784,61105
5996153,137902
32261,15905
1078,704
4900,3345
2547,6466154
2120932,15872
40605251,4841825
7763,5246
28186,15872
1852,1240
71728,16904
402093,6417
2175,1461
378,214
40940121,1949
191139,61105
7938275,153394
6186357,348878
338798,5144
27712,15619
295,854076
40611463,861
10818853,4725841
2696,1838
7069,3075
10799,1455
58696,239579
29844228,569269
37442,7025
4588,2617
37470,9987
375013,6900
3008,2041
17250,8120
18116,3618
853510,123715
39999,7195
6527740,137902
40604658,5194
9361589,4370565
514811,286014
310612,3049
6149,3534
3876,1455
17690,5223
144974,83846
10507293,2987125
10025305,150038
6148028,153394
9777,6134
12691,8002
561909,102203
5659,3843
6068551,1330292
6752378,150038
23807,12455
5203,3505
4069,2782
11275,3354
24337,13677
480204,9057
10975,3535
546018,17434
40495148,1285555
40874325,15481463
7745,5237
30183,17015
36381037,4684322
39832183,1194527
24812,13778
9328,2238
41044096,4999
350,205
43545,426944
6294,4260
4502877,941441
6892870,706255
30236962,5918
11505797,4464118
12996,947
6442769,1406384
12505,3137322
29044,8719
227711,3505
1845,1235
3236307,1373880
28881,16218
46787,26242
48855,3720
28194,15873
16981,7508
188572,2448
19380,5754446
15997,9876
19288043,2383
40440,22665
133518,2330
4687,3075
2493,880695
29579,16667
93,49
37732,12942
4929,3354
10959,1388082
16902,10264
8755776,150038
1215032,108424
58345,5132
228560,7565
16068905,4208569
16735,6942
6334,4280
9375,6125
301082,17061
8921,2448
44186,24824
37781,8051
19089,173
227443,3090
310259,6039100
14942,6765
65605,1069006
122,63
47281,2493
21,7
36402034,4764
7260188,153394
15745753,4208569
3685,2530
7588,5144
6001011,2747995
18710190,4039811
7733,1831
4374400,295178
5826,7136914
28676,2751
9275658,4342215
17347634,281810
14905,1265
10920,7130
43035,1240
7235533,38550
13536860,4725841
32620332,6572605
6304335,2895706
45978,8349
16631,1113469
6952,4694
84981,1954
11387515,4859212
2866718,17015
5148,3496
77013,3535
12020927,4011131
228665,6252
15195,5117
18460392,45592
3985,2715
60748,1881
2248573,8349
22232,12696
10576365,2973783
67896,2622245
5526,2345
76778,1630
629,401
12578077,4476934
11713,4030
6400090,2345
6759,4339
17150,881203
49628,6538289
2932,2007
10429045,4637539
130440,7902
4406,585
30597,13661
15645,5031312
251688,431149
4980,2778055
31685789,23613
6319,4273
862041,1077326
22463,12793
3975774,200317
1202,798
5211,3539
12898,8120
136116,2893961
41637836,3618
11989,957894
12220,7751
51496,854076
28862,16201
386187,4952
40873273,713
14706,285217
1249630,6913270
6936382,3095893
10644930,3389
13152,3780
9460487,3046613
13497,346732
7735333,1304470
43448,1353301
7354,1262010
15717943,5430144
8664353,30913
14201,8842
285092,2929
11324204,286014
249747,10896
10956,1467
101299,2894
19302,410653
18143977,28186
33600,18907
53835,16
17716,1433597
6411961,630
11422,6492
1656001,941441
11012,5144
256566,2617
137791,3489
3257136,1899600
10664113,346732
18114322,585
59716,6765
656,128382
41804,16667
41681,23510
690926,941441
3087,86404
17167166,3433047
13214,3503
77142,1873
18635016,2987125
18765,3012988
34521870,16857084
10987,3617
9293020,4346642
30289,879
20613470,3433047
179780,104728
16101128,3377941
156538,1413437
5797,3953
43889,3441
30933,11315
14743,1194
112204,7440
3682,2526
11901,7577
77295,21135
8909,880695
20448515,19823
2800905,7581
8908,5791
3777732,150038
12000020,4841310
51606,29068
6150,3527
1421990,669810
49436,27837
47401,9432
4268157,274533
5890,4012
960,630
197084,13898
51737,2987
8667848,3849415
135836,5687
32049,17623
420282,9685
556602,305400
40611328,10330
29908754,4346642
2299110,4430
12749,233619
305234,175855
11408650,4126827
1898,1235
16248068,2987125
366522,7116
7747374,3380908
4009,819789
92307,6191
41014505,47499
56728,2737
22328546,7074943
3591262,93353
179064,49177
18512,656983
92517,7751
77767,5300
518848,8347
40611510,287960
31122,6208
11899,1432
13188676,4637539
29127,1067608
8337,5300
5527,3736
2156,1265
40593473,7782976
78411,36746
15638,670859
77566,2687
5326,239579
16143347,173491
17675462,1330292
27003,4432
902,10074
7090447,15872
35729,20248
7723542,327737
227571,13591
10534,1771
17333223,8719
23522,13263
25480342,370361
60510,445303
52529,29655
17125,10420
80660,45922
15241,656983
567678,7628
6482837,2936493
7664041,8349
50275,26335
27523,7625163
10441,6876
8492825,295178
121749,1069006
17841,1730
15622,9657
2536134,1599723
3867,2633
374233,155517
78433,3472
7631105,348878
112750,48206
2767,1899
547094,8726
24768,13957
682804,16892
7869,5293
1554,1002
14935,1265
41219,1169504
38311414,9785
6853,2384
13831,8596
18545,293
2203,6281688
3869,1401
14290364,4342215
89717,13388
304027,20248
3388,2313
99300,29527
77197,25307
1617,1049
415,235
10357575,3354
46756,3472
4953,3371
10965,3617
17212231,630
6882,957910
16081272,5437976
14249,3541
852470,56224
452306,3681
3980,2713
29588376,73149
2052,1377
88077,19405
55030,10538
13206828,4684322
3478,2345
73968,15516
35519,20105
2967752,643126
6295,4261
13414446,4342215
7061,4738
27266,15292
14995,9355
76401,43443
85990,49177
12914,919
33507,696805
11250317,176372
8953,5817
37095,20849
13104080,4637539
53496,11633
292408,157779
40024,27779
6325285,298438
6718608,3024821
3109,2121
3805,2578
5098079,20248
6440,4345
41684,6989
6280118,46118
6654313,1330292
13872,8622
32768522,4208569
42697,19708
17961,500
357664,13663
164154,6025722
821611,7275
11507,7385
22557272,1063732
248596,1630
21853621,54493
4865,3317
6050298,48206
264,159
7864437,348878
8852,947
2153405,978484
6690798,45315
29059,2546
34497,1654
57891,32595
152380,6872556
426504,500
5391115,7581
7728,1002
6137154,1373880
16640,285217
15839976,6474348
12751687,2876763
396266,36346
16690,205
248704,11672
7488244,3290920
40389231,52627
23316548,20411
34484,1654
48328,27069
9673436,38120
298275,1466
10140661,4562483
186190,77004
15745950,4464118
13928,8649
78983,4820
13139,3780
334176,4007
3407877,615274
29946,16904
373755,3535
83674,28024
36072,1538
8709523,137902
1241,822
6917952,17015
15749186,151371
12395,7869
21671,10289
24800,13974
307791,2347
270730,2821144
21686,10289
35879889,11237
7445,3275
46945,26335
19691,3892
497199,13275
321552,12833
368916,58918
162898,1244
22881898,9876016
9791,7
3099787,50873
334123,33467
12926063,5687
4631,1455
2666,3083854
16056408,4826501
5168,3510
2731276,982213
44652,25052
10194157,4575289
41424,5339
9014,5858
38180,21477
7437,4462369
16729,6942
10916,7128
17728,16
310459,26946
395871,50873
976,630
42038,947
84136,4430
22205,2987
2702704,48206
18045891,2383
13047090,4476934
11918,7581
1591,1011
76171,43298
2233407,17061
5056084,2096360
23878688,622
19547856,7579036
16328,123715
297673,55215
2122,432
6192,4128
732562,11525
7996,5329
32075671,15049422
13262783,11664
527756,16747
51893,1938
216363,4764
30659,17212
35133922,16121977
5287473,2261547
43483262,18294819
29999,16927
773951,89552
60400,34049
23692271,395812
5664985,2987
544891,79589
30264,17054
10222,1040250
28251250,233
47021,947
19405702,286014
1430,566
5139,3490
45195,86404
124509,369288
37793,2730977
68429,38550
1371,903
7600924,599916
12985,947
1240662,20248
5359,721
8235178,4018722
50,18
6259,4229
23848559,5272674
38296,9121
7402393,3041100
29797,16244
242006,3058
7230309,3200239
18243700,3433047
24113,3034502
943402,479779
13651,874602
581811,22485
7937462,941441
47212,10746
2722413,1192311
11557,5244478
27822,16070
21484,9020
8913370,25334
89724,13388
31338,7577
30043,16943
407429,27318
12557,5246
243705,10039
105992,28828
17309,5544
7137775,274533
7669,5194
29209,11728
460548,13898
40605329,47672
9809,155517
40490167,5117
35743,749461
5174,3515
249,147
14817,4764
28195,15873
153008,9237
22055262,7168230
77163,3536
53639,5668
693208,4174
12180581,3486415
13644052,4476934
107301,21477
18692431,7353006
991197,6238
6642715,6542440
51799,29227
32822135,6994378
9736930,4470653
6493208,2940640
32829,696805
16181775,1895943
187020,7844
12948,159
3228917,1439
91661,6760
67920,38301
269322,4624490
7042,4739
16070903,4872191
23878,13450
530965,36332
126232,59542
13643567,4126827
32499,721
35220,19879
232576,2560
16115612,569
107291,3389
4965,211268
15505346,5193034
40881621,7816
11594257,4637369
3698,2533
944073,276660
13103,8203
162085,93970
14662,1481537
39058,22018
12658,7995
42933,6417
11573,3389
19494,1411964
25354,5599
1162022,47104
17402605,27100
7778981,696372
203220,13847
11808950,4279785
40034669,18002918
15842441,4372391
17314430,699143
12172,7732
17340050,5430144
13539044,1251730
3711,2522
38619,21748
46677,3080
38980,11654
7842288,2895706
337113,8249
1158967,566874
1715,1127
68210,7491
76334,4493
6408862,2903247
479309,17065
34053,6989
152519,4369397
56034,10039
130580,75091
2612,1439
233649,6252
493456,13957
13376,8360
76527,22796
16255,10022
2321296,175855
46306,6378
538845,25619
4952,3371
1971304,120401
7315573,3447
7849341,3097905
68494,33918
30672,17219
175675,12584
827,545
42603,16652
4921,3352
767680,87184
41899,57983
3428935,1405152
227651,14617
18774964,6485178
95558,10991
389627,221559
429138,4043
44659,8732
42156,13370
29641,2533
36578942,3222554
82192,15590
27323,15328
10194514,4575371
2364284,5835922
4070493,345630
13639050,4562483
43015,24189
23513349,8075577
10204213,364872
18452,11121
213753,1318
21348,12452
23164983,3046613
321645,53574
15575,9629
95617,6492
4894,3340
5821978,151371
48464,22694
36510196,4763
15731779,19823
7572,197
27220736,3319233
824508,56977
284440,165168
25701594,7233168
7905092,2578
16160797,383606
2479827,8349
5166,3509
21611,12476
68783,4376
9915,2751
15812814,1304470
32585,18317
33724,6160
50365,28345
112537,7779
27208,15248
6708,4493
12432220,3267859
6547187,669810
27252,44605
7742,5234
30186948,399
160149,9494
43933,24689
19117,410680
49540,1288026
4447622,1857564
38210,570218
431,296961
15858248,3379564
31434883,14558709
331920,12950
714902,172977
12543,7113
540020,36714
35642518,15015247
6479550,21748
69136,38951
71865,28756
13628209,5434809
89959,1048676
1379961,211268
28381,232932
20758105,370361
3128411,40563
6431790,3780
78129,5091
22918050,2987125
9961796,3095893
16527,2238
9822,6412
5367,3619
40603587,38569
35167685,1429989
28249,15890
11650,463
43330,9068
139986,32279
159178,5768
32071,17623
38787,21778
11559200,3849415
24983,14032
8492319,20248
15842439,1302285
6138,4012
42986,9020
318431,367338
12657,7995
5130,3487
37380,3506
15753740,7128
18333130,6542656
607639,5684
7719245,3027554
10073506,1411964
2373,1612
56495,711
104089,60177
53022,29963
13033,8166
61666,10538
6448470,89439
9418327,4385839
3054684,1192311
57913,5752454
25899336,14031444
43945,463
1472878,54493
476543,48192
568236,137261
18749,11291
12262741,155717
1097,380
61975,26
20803953,7139136
2517,1728
8428064,2261547
8659601,3380908
40940649,8726
11084145,7111
7091488,17061
33609,18930
8600,5571
752900,973
58922,18479
2241059,2821144
27333,15332
6931356,3095919
12853168,5050207
17851885,7064545
36809135,7043934
40409718,13275
6381205,2891665
12321,1938
141828,15959
27883214,14137787
15796700,11291
7544603,298438
47953,26897
390711,6417
22544764,8730
30119,435477
20454107,19697
9593913,2936493
6587387,40563
781787,7215049
3432478,1443712
11561469,4907787
704043,375626
12930,2493
61179,12534
17623975,295178
13615,5502079
12083,7680
433567,3093075
51428,2526
7603,5151
1274,848
16046121,6540025
11925514,52320
4692,2934
70241,7010931
63032,72039
6174,4187
161744,57639
5941033,14080
12294652,4660036
6101718,142270
27833670,442240
40159,22542
20170404,2786093
69571,600
7198988,200317
106264,29182
10746542,1462
89723,13388
20821111,4342215
3273,2226
59263,33467
92364,3447
30474,7084
161099,93351
140963,881203
18796,233619
19581,6941
13453029,3064305
80890,19405
26216087,33472
32439,9355
43369,3956
77661,44023
80176,45645
6050678,13957
26004546,4251995
16069030,1238111
359375,32637
13326831,4027380
13600318,4372391
347852,3061
12558285,5186274
17910048,6949698
62031,34878
32650,15905
77773,14032
1278752,615274
448873,22542
1268479,38550
27037,6819578
7129598,3165706
7664334,3351454
45100,25307
18798983,4600197
6091075,4
178476,71688
1499952,30095
10757833,2895706
16113791,4601855
7510368,1808111
35231,6252
55403,3098
350684,9885
234184,3441
15784909,5430144
35959740,176372
13927,8649
18297707,6551005
16155612,6420295
12875258,5274234
9565548,6914204
639864,14650
9508678,2918488
316845,426944
2986865,88685
3754016,1370283
13836,8596
767171,13360
22557520,3927354
11367726,218843
6596,4402
248482,49177
14384,4428
2161733,981834
457264,5548
143534,8993
27237358,5829056
53447,5775606
271199,26306
332775,190887
15055,9399
7442,3083854
9572203,904719
84151,4430
17910124,7086094
6801582,2096360
544424,274533
13145,3780
6919272,298438
6574102,56224
38169,21475
139253,13234
15981894,6519108
13612739,5174152
8088,5339
92780,53259
12468,7927
393146,32401
24780,8924
187811,11654
34511,1654
31072,17439
30274,9550
96358,3961
93575,8734
136782,32590
22293224,7754966
34507,1654
7670,5194
659469,28709
6261522,2755160
40102,1439
15729539,88506
14748,9212
823,545
1661957,767547
13615258,4039811
33555,8726
3086160,3505
70561,10420
21031,909675
7186,3186713
19549841,357601
596259,313356
690866,5246
73385,28574
9378297,4086715
10345927,4018722
11438,7363
126609,8987
11741,7491
6267237,21911
12033455,6160
2247142,7622
31287352,202867
6871617,669810
1000751,10673
38359036,17029974
12680907,1373880
17800,3354
1067,6281688
29090898,14780791
92160,16204
138959,988142
7285498,3220024
77160,43784
112803,5810891
32418,12455
8962,5816
40526,6944
254308,5326370
331256,1159886
20801439,7817816
35036409,44085
341879,196092
333867,10992
112077,8361
2845024,545
6686092,1599723
341735,19651
2146957,25052
11861062,4902564
40200,16272
5310515,175329
81227,46245
11947156,5014564
6006518,3408349
7331435,49625
44234,24846
77430,5600
38230320,7922460
218467,12534
17029526,4872191
618177,11586
213647,125308
6944032,4430
5167,3499
28078,15830
183660,13677
125404,72237
608216,47499
34262,6245
17802724,322069
12448,7921
846984,12696
9998,6526
26135825,21982
7165300,1370283
854757,19005
769483,157663
103159,7419
14061955,4575289
6316171,432859
226378,15538
228296,8050
17158513,4349837
8909152,4208569
40605285,1074866
13569581,5804101
43944,22493
10798416,805184
18630,5807106
15047,9399
42696,19708
133954,159
2159225,47672
13605723,4476934
1099301,543080
2199,1476
15790842,10015
98573,56700
36529,18943
25622780,25022
104101,60177
870,4698899
11468377,72401
28763485,7353006
259836,869
31343,7577
18414,3063220
11306,7308
7991200,3465557
17231,10482
1842,256
18966819,6474348
436806,20842
2459785,138825
11710373,3617
130028,9738
19161852,2917917
359410,40593
6534,1025097
77366,5339
18498558,7271073
43877,24678
24100,7728
8722,5657
1857440,225033
171020,99650
36159,1276004
116236,67388
6582637,71688
29283884,7327341
421129,1429808
31408159,8442873
13253276,4637369
7094569,3153776
24335,988142
8635145,4134859
328802,188760
5941233,19954
147843,85545
18149927,6576110
41667,23509
37586,10896
1052,688
30324,5833
68527,12542
6948436,374590
8204005,3980637
25489625,1214964
38746485,2338628
3483,2362
102030,58917
9838,769979
5306,585
6690,4273
17673620,6533979
74406,23129
18132276,7150857
6351885,2885224
8716,5657
760025,1780
7800188,26372
48757,27397
33290383,1406384
52397,29535
22904,5223
9305362,4349837
144800,83727
301736,25838
17200687,6875794
2679633,375143
184419,7014283
9627755,3095893
15739018,6436698
1519,990
180617,15123
17020,10317
11381643,4586597
53926,22515
18166936,6441917
17158532,4349837
711901,379290
597,375
608287,6468
5196,3532
7137327,835348
30735,17241
16131484,3377941
18930938,7381751
15704307,24514
243598,7659
25365,14269
20388847,7722020
460635,7451
13538873,2960227
46231,24956
23677341,3130410
77287,8875
18144124,904939
10929432,3099544
24536832,4443219
39092290,2031
588138,20105
599,375
34760,19630
18754855,7374777
33385229,7577278
592657,31457
69091,39326
7801229,125308
12995284,3406550
672875,53519
46654,16667
85301,3670
15818107,157146
17235026,7177350
6368610,175855
4570679,203238
50027,1023510
40656712,6878
1362,901
116020,10264
228333,9222
296662,8458
1303,865
5632446,1116816
14376,8933
53064,19405
8811139,1599723
25437891,8108373
14287,8881
41977,3532
6905534,164187
33413128,6485178
41193,1339
17236613,5184237
40389527,7992137
46270,25885
8428195,386042
40604754,12479
25489134,13922215
10790290,2063919
792161,8080
781110,10003
3367956,1421619
2998814,1290625
3103,86404
17333319,6569504
13747,8546
7992995,88685
219919,127901
77276,106
11284898,257093
2113260,4432
33597976,4823432
762806,8258
257845,27034
25698,14424
92057,17435
219205,12980
16247792,4562483
24920901,1935000
13138635,5360335
15990969,4866520
15994590,22159
826845,36332
11594337,1036736
72854,41193
210329,7308
32508,12470
2315892,276660
10016013,4533716
24731,1064072
17143,10427
6308379,172487
90619,52074
295305,119755
1736739,97313
20443207,1238111
15768191,4279785
613283,5448929
5899779,169377
7263429,3041100
37034,18874
40175491,15715539
92508,44061
10335308,194416
550454,37766
6065215,167605
7141642,6538289
25644601,4725841
12287209,3064305
13986,8685
49011,27500
29437949,14425604
32571395,15127507
833710,74046
6289283,133538
30257963,282885
16134551,4851199
18710853,7358908
298567,146374
15819028,6466778
7039218,669810
20421367,6983012
15768409,4126827
18775247,3389
76658,8516
8680278,151371
13529,211268
136167,9068
10739,337
22204746,6467808
34541,1654
7741325,13139
14061957,4575289
93269,53501
61942,26
5941114,138825
3389671,1428675
275,163
28876,8730
8683812,290189
821056,13288
5368,3620
67,33
11529868,36615
17333230,2093764
1840511,2546
7170627,3032451
6545608,16494
1722717,777173
56842,575
40395,10885
28257707,8529755
77727,13778
40792913,16496
100365,12534
3238153,190922
298663,7621
16034964,6535659
397867,80984
16457950,6697472
13830,8596
33967732,14135080
138398,12425
1833852,837804
156427,12540
49006,27498
160251,30830
3758,2565
29780253,15149526
38495676,14175077
40597810,6572605
1108124,63244
10345937,4018722
13580951,56224
16006,9885
62111,2897630
6393631,21618
480570,4917067
40948565,4343092
1316617,137902
922991,37519
1809465,221559
16109563,6554504
40425,10885
13595639,10317
297249,10665
14758,9212
25346,4057
15197,5117
6043781,38569
9742,6356
19321,11593
13662,874602
23228,11664
95602,6492
34324605,5430144
104378,2987
248483,49177
1237300,419
28695,6587
172732,76172
19668,3892
23305614,6160
139463,12696
6202342,498072
18079776,4711
34728667,16642745
10605,5858
25420031,4849669
10567,3389
8434205,4078538
32148570,178832
17303,5544
40111371,15569092
227603,4370
84737,38706
29623917,15106534
12331767,7010931
14975,9343
226709,1353301
15888,9833
16160314,6583811
261243,957
77270,6989
1337448,474991
402013,65189
11366397,164576
51113,28719
17448960,6521173
7214,4829
12967,8146
17977415,7036526
63697,843200
148465,44942
8428069,93970
6665847,1956402
14028,8550
106069,32594
50144,28229
3392668,8881
174834,29333
18302455,3371
15861491,3380908
16703,2715
17348308,5752359
400412,18540
11013,5144
8379374,4062698
77711,44037
12425532,504038
15818362,146797
295649,170658
11206,7277
6122735,1370283
77449,24655
6555517,1443712
8534899,4105961
2498983,48192
6584188,151371
13486122,2965489
2820533,58846
363752,3090
18770398,2362
240976,6343
32638,10366
452244,9558
7194,40398
10034,1466
5510384,2821144
67035,12577
6617928,63630
328854,6404
10996342,3452783
12609,7982
1225621,17054
17333880,4872191
16158542,486329
5489684,153734
2579284,132225
113791,65959
6411016,2904306
19532388,7574275
16007855,4279785
32051912,2974095
920607,38954
32979,6001
7157310,72451
16031258,6534462
146746,3119
10115,6599
55399,31232
682745,22832
10970532,4480131
9844,6429
35066358,7210024
22843341,7105545
15992880,6521036
11410430,4864634
385228,57651
25373,13139
954674,12581
52309,289513
159582,46158
20567976,6940334
2761356,1077176
16150831,2973783
30334,17082
40223,9237
32628,10366
4138,2849
55428,3012988
12368985,5131072
5204,3524
3697927,359109
9591398,338705
17876,3137322
74270,42110
129620,9885
2133795,970554
61264,908
44170,24818
11499,7385
179033,12980
823411,88550
304079,875661
6380822,2891503
28541,26
22584,4764
92143,5951
263147,153734
12868761,5272674
100464,15873
79626,13561098
241823,901977
9533378,4414255
76740,10992
8314214,4042181
28,7
11805486,4492558
40545688,18132401
9666812,696372
24259392,5251202
254316,10420
48132,26957
99664,4176632
71776,40552
68682,38697
138202,79922
23258641,8472193
42909,18062
8519822,27100
142395,36378
29501,16593
82434,47104
7159515,3163298
16619,465
9712492,4464118
17571564,6984726
11267847,4507090
88432,19595
58889,8596
73062,66622
15158,9291
6289920,20248
154387,67032
7744064,3379695
7159016,1290625
315425,2121
6224935,26163
54270,30691
57936,2875209
47956,26897
89763,1244538
1254951,548551
266904,155829
17876893,19823
83017,47421
480479,4826
16691600,6522690
21222015,6200344
3374819,1423732
13912,8644
6538757,2958084
204042,11047
57727,2887
1220507,4465322
31931941,7009633
7815,238
78024,44202
8686068,117366
8155,5353
67513,38066
18525,11155
17333324,3365457
5197,3533
25883848,18002228
20363899,6467808
11100431,2063919
15852756,4930653
3491072,1270552
21413662,3089156
7059135,445303
408615,40411
67238,52601
43255,24349
114166,27847
953260,6244
358846,205563
92121,3619
84351,14469
9553503,3465557
12279098,5105154
87665,7014283
9317452,363130
16718083,4601855
13602221,1429844
33313,1124
11887020,2728589
17158596,6860574
15096,9432
66354,27446
93405,7906
2880,1977
6335026,2875124
8366402,4937879
9118135,7136914
11607,5858
107664,32590
7882,5300
18713259,6432921
321950,6304
22911,5223
49465,27857
10128428,38120
481749,189701
7849034,3406550
12813630,25422
13812,8588
14060046,4476934
22917,2938140
4373,3028
816870,99849
336245,27498
277397,3501
9850443,1041872
395182,13078
6597651,1226977
2168850,984651
7619292,4379470
40801157,4916529
21704,2887
2890090,73149
23604559,6485178
225038,131683
6609758,347385
9409469,125308
4954833,1351903
28815,160932
22471294,6452845
17162,10442
158770,5847865
7821447,3406353
8258519,16204
6600807,3408349
11041,7190
25051,13369
3378,1886
3863861,1647762
11346,3534
25322449,7789423
33151805,1063732
12908877,3353516
293101,106463
782580,13453
50667,28517
6366437,3275
45685,3565
78427,44526
23125266,8509533
5231173,2188726
139569,80702
12925063,5286855
11283685,4388953
8835897,3408349
61549,34660
23016317,6422281
17399160,6947727
10429092,4074051
7748,5237
348573,9720
142296,8835
19351043,6887314
87280,50071
604635,211631
6357708,2761947
20504754,5160667
7108001,169377
139417,9550
851393,128952
40992,23069
96281,10518
3223761,99650
3007704,1100593
7823549,191456
36329818,14137787
30240,9550
59145,228089
8574333,7773619
94486,3424060
365006,5544
18288,11038
6472451,2884780
115076,66631
11711,7471
27774596,281810
94672,54450
48037,26930
9418,6160
68528,12542
38568,17059
28382,232932
20359114,7255282
18624197,1126499
18210758,7178100
15724654,4838933
13574417,5804715
13049981,3290920
18134249,4882127
24934065,13505420
15757434,4887264
30512,10108
703,463
74341,861
11563110,3290920
2208744,359109
2435104,6900
38474,10427
60211,23069
16243,10015
25014114,7577278
187650,109299
39033,12577
12125,7540
6909544,3036304
8665876,4143266
107779,6251
7629,1774448
6578293,221559
1832749,588558
18214414,383606
9838977,4495290
16117506,6556689
22733729,8389735
1335019,9494
26114135,4183574
24687,13900
481446,269069
12394068,5828897
10397655,2921810
669780,70692
669780,4704809
41123272,14135080
13507212,58851
52350,8050
8965,5816
3293821,221559
498835,9343
18874565,6521036
47916,26878
18580,11188
25200,14164
128092,51484
179735,90070
13580928,56224
5454,3681
916114,227771
32370,3058
595375,47640
9637479,4443809
62485,1023510
3373198,375626
5693,5031025
10431447,10741
15783307,5085738
41962,3532
11331421,786925
22669832,7445352
19542841,7577278
8546358,566874
714569,57462
242472,21559
18185,10983
8475505,2261547
202769,338705
29800,16807
311127,18067
56674,7010931
15985373,4721536
30821598,6160
299869,172897
4345290,2063919
29751398,118226
180116,5627
6905012,3090079
22020052,7074846
759517,1159886
6609714,2983974
21717,12504
760,13450
18516961,1530940
8407173,341493
19548967,363635
9413044,4384465
15703770,3267859
13555073,33467
13227454,5309857
2255,1539
17899696,5437976
6087756,25422
13570,8476
281235,51424
387749,16104262
758901,139434
22297138,7979840
270032,38329
12116,7702
477338,58846
4538,2713
762476,16061597
10165761,47104
30653853,7579036
30225,9550
189147,10089
12926804,4575353
20910157,7350402
890143,4605
785454,63189
10054335,4536964
13522957,5769764
9864,3299
6690979,2988406
32191710,12855
21718,12504
1584974,1310735
20518872,5780686
420180,50786
425377,76405
26889576,776
10874177,2891665
68380,869
12063467,3190846
82751,3878
84146,4430
14567915,98389
1301,776
19464292,7558024
416775,32807
31436554,15606198
71458,40416
18336965,7224009
20912424,118639
12043770,4175419
15779,6569
11368591,4727364
37301,4610
17375956,223343
27431418,14594440
498641,66573
116114,3999
17927559,7092218
142458,14220
1237398,208650
444304,25421
15937108,931363
760941,4262
40604846,785914
17833099,3213942
17780,1641
15998621,6518554
102327,59060
19095025,6476625
5191,3530
5360,721
118944,68959
17833493,6670530
20578940,25422
10108463,784866
13369678,4872191
3720975,7128
10798418,7176
10964693,1467
5171,3513
5618698,2503028
6611038,580315
527823,18686
9975679,143691
28426,15987
9888775,4506073
11472,7372
9415951,4254441
11112619,4103366
97486,56002
6977769,5091
420415,237194
61049,34336
103342,18575
7628,1209
505304,67939
18341046,7215619
52251,3012988
8293938,3449712
17262100,3670
22910900,370361
13062645,5130924
1633,1058
443103,45230
338691,194243
97961,28544
128066,1803294
17156015,5228869
7362158,3246397
28243032,2889003
77507,1858
10841167,4292165
34440,19405
4836308,342135
368593,210456
10235,4770
22318578,5589647
29981261,5805694
51070,28707
12849385,9291
63137,25536
16085481,634694
9917945,2821144
18266,11029
237320,64028
7970273,445303
17237477,6888652
1059,691
352262,23894
25807,14473
12810834,618846
118252,68552
113429,65678
129619,9885
589979,8588
248103,65959
46087,1094283
4929705,266461
28434,15991
7199667,359109
24472,713
7116709,4195533
321566,80824
8109130,3508354
266607,25422
16171291,4672071
13363270,5014564
3206011,1362751
36954958,6496644
310258,29671
28481,869
10836728,4730894
9256414,4336590
6433752,3541
17317675,5174152
25664563,6862831
13070346,5014564
263145,153732
1820716,832040
3295695,1395810
3507,2384
46349,25926
3344411,227026
11851522,9494
72657,41108
374388,213527
4831,3299
18685332,3153008
15813668,4175419
254389,8352
3399,2313
10941624,4096668
3678651,1562974
565149,72605
3764,2565
9815702,1857564
61903,16094
35297426,93504
13445306,5265998
17879512,6494034
8720917,628636
13490543,5238854
106096,7869
13419125,5227478
2501453,2993185
4339,2996
6969361,61124
9597,2778055
2954411,363405
32722510,6637
162086,93971
15836,9800
428042,88922
128453,72605
23874411,10812991
20559676,5437976
12518734,5184237
71811,40563
9301,6104
2768169,29011
9680114,16304
30555488,10029
107770,6251
3656,91
18478222,96426
12961307,3190846
18304322,6433278
47613,8347
2312458,1039846
1022657,41542
861326,63898
8164566,5821204
68146,38392
39020,22004
10677277,4692856
927979,10746
218427,22996
231604,26372
17905709,8864
576666,92881
10118172,4556932
25146386,13528752
23602561,37795
233711,9740
8709640,26372
24985673,13528752
28187230,9013543
13038680,4831831
301538,8587
8477057,454774
8196732,3953740
93371,53559
22674105,634694
18232495,221833
18461055,6200344
227593,9972
6260997,60441
25491,8788
104734,60609
769658,33503
9799,6404
18403921,6869072
22820335,8416438
1883838,10758
244261,142899
5266667,79589
28251002,15376492
86236,49347
18071296,6983012
896625,88445
10847,1235
175078,1711
2265,1544
92365,53047
1875,1260
12647642,3980637
9010,5856
64863,9559
762390,86098
5872,4000
519112,5773
20696006,3078
495395,963811
22522805,4280
40362474,5808070
1629601,173491
650775,2995925
84544,4841825
10955239,8878
227658,14617
29906980,8885
685788,6218
16130,9950
24520,5600
1918305,14589884
26200563,5725556
16992,5363
4499214,190887
6329547,21748
7165405,15890
5190,3529
12820793,4343092
32075662,3099544
685,447
13281368,45315
60937,7380
1713426,788461
241387,67487
910863,27276
16188,9987
139254,686103
12383869,4103366
19330,11593
40882262,6549285
37741,12942
2003625,4428
12507214,4086715
30036,16939
771332,31280
40961621,15402
6261189,1045593
196764,114656
215758,11102
6364657,2885316
6621287,2993185
140671,13026
22816087,545
10790516,4428
675614,191456
17983690,6476625
20646604,7258437
22571272,3251728
15717721,73977
6702002,579553
35206,5775185
218659,22694
754771,248952
921359,338068
3585344,4428
6181,4187
5849,3989
94799,54521
61904,16094
5585788,234115
772888,31845
26892110,8446300
24781,8924
16045855,3297510
3077,2098
129947,6942
96647,2955
37638,21152
318404,183005
33514,6437238
59268,33467
401514,40311
35488,20062
60926,29535
139855,1145220
96259,55349
1429082,117369
26114523,14220744
142776,82467
18343754,6894841
86737,23138
9943270,6914204
1225261,458771
42155,13370
840,552
16842,10229
10286585,4598040
9368401,73754
8949352,54493
15768536,6448939
7648269,4090011
522534,617
425029,2749
23129410,2559520
37426,15907
7094599,3105671
16176440,1448
68496,33918
15993374,5784345
38262,2007
556136,96375
139087,15543
106134,5951
32506,12470
281433,9355
352383,5228
11071466,3351454
99110,81466
12279,1433597
2342943,1051591
16162553,6534462
4922079,8589
7826101,3408059
15654,9678
22702552,8380350
7863274,1348627
62571,20561
987577,33987
10600242,939363
824062,46742
16067683,5393357
17286162,6089757
113091,29611
157055,86265
12391521,1218
173233,101046
80834,46027
164814,95806
25019,14053
46292,15291385
6278019,8649
54218,19109
18775257,6860574
22886113,8434126
24807186,5228256
9634967,33773
215631,126447
62953,5129
7747263,21911
12637490,767317
6202556,2824557
16248223,6547911
347639,179612
18304765,6876994
15807,9780
112754,48206
588242,35548
588002,9144
17233800,4575371
14250,3541
1743390,800019
17204,10465
16047244,6540645
17828418,7056140
157985,6584435
19821,25
45245,25375
13638570,4907787
2548866,1127619
5587960,11291
6240758,2839569
42512,23897
223380,130698
88043,3072763
16054808,95190
1627,1262010
7048800,5285
9442157,4062698
1499340,700880
19486421,10746
16120760,6569002
382450,346732
299514,63659
444381,2413
119825,24655
10710406,3408349
7875327,3425627
7797874,274533
6398634,21246
13533650,5331983
25489025,4119155
824986,130272
1325218,13728
529243,17505
475,256
472025,17854
817019,389792
94034,36686
592806,2614
29291,14635
11686,7464
42745424,4833990
6667,4273
9650,3706
23149128,50568
18869972,2001717
7818881,293603
3072254,38066
13982,8685
18667779,2889003
6596547,688672
2120652,13370
659600,51304
185253,1301649
24658,13879
13589182,865
126192,72538
60929,29535
15733738,5014564
239239,23419
40381392,14137787
21416690,119888
101509,58634
133454,27704
43993,19696
17860217,699143
11732634,2384
219879,128607
182381,1413437
264778,274225
207153,13608
223838,5107618
4946005,6926240
1044355,2849
421007,121825
10481268,10739
22091081,746724
15513156,504038
33482,66700
13502963,5286855
8964,5830
16101023,6538605
9542,7031278
722737,2821124
16062211,6546441
5157,3500
23308087,4600197
3188580,63983
11999940,42016
9464733,2526
25365667,5179
11864728,7581
17733971,7034900
8419428,1647762
5168517,410418
781046,410418
13638131,3099544
64207,36122
785453,61707
91289,52458
9858081,7963
896621,88445
11031,40398
79429,25545
17449197,5186274
542414,32590
45181,7935185
11115457,4792225
86147,14079
38379,14465
130810,29947
30628,1069006
5752,3915
15050,9399
7274337,22580
258079,51606
1087204,144405
12291438,5108399
410615,3502
58087,32665
111306,64364
8803932,415967
139418,5833
34898,16215
13810,8588
153542,15450
6070950,625
51106,4106
9166877,4308706
7562764,2768002
17402117,6948816
484192,270477
38564,21701
21060,12350
9615347,568999
172764,7742
311182,18067
27824826,556546
40173,20357
12351649,4586597
7507908,3023658
4591,3151
15790873,805184
24954150,7033774
17313873,6916215
10757346,4577916
6707693,3020684
11831,7540
214856,125984
7095831,1226977
116563,11761
337058,1949
6017769,2753954
61539,4735497
17567854,6983518
13223243,5386283
18498569,7125422
25400927,13846469
26407003,14301938
34499221,14684499
138685,80212
80369,1260
17792558,6981057
26125352,6879912
1189878,65944
414895,3400721
311864,1567394
36518151,17287280
10031,1466
7155027,46474
199687,79922
72995,16839
2152,1448
7507951,5339
20761374,6518370
590327,3116926
23255198,8445092
54283,30703
84927,28785
10742462,3408059
35295478,4141708
1291211,268199
12393909,9414
25622850,7622
20986629,7701589
31101,12915
1060562,81096
13139100,5184237
65954,37202
27265224,492884
6424184,19954
72286,40881
16004807,6525721
80081,7929831
110871,4750
11395597,9399
25733990,8534434
1609224,89275
3181953,978703
13487029,4105961
25499718,1445909
49256,14403
3307144,1310735
406186,30654
35721089,104943
13069935,1651879
3112850,1330292
2392677,871368
23367261,5295120
35100,12144
95784,17765
302998,13081
6580510,2973783
790171,18206
29475447,8389735
227729,1612
11451865,4875841
16091522,4875841
88442,6580622
8579933,4118351
10138607,14151
3567200,99642
10814946,21911
13119818,5299577
8167001,2990843
26046,625
428862,117227
5982474,1233886
6691426,43393
13099738,2985039
12012999,2958084
261604,57461
18089551,5763298
42201395,15455603
22327,859143
16217729,2941486
22207,12676
687278,8052
6897264,2896790
6586512,1375073
13360101,24978
25001951,8416438
25191,3439713
15852,9810
9265453,33918
16122163,6436698
349090,40119
10108,6599
18751827,7373567
3289281,10015
2246958,926628
104737,6760
285500,1048676
39338454,17147855
15781600,5391254
2073853,75055
17668473,7012378
28233082,5763380
15177,9465
88335,50758
219535,128447
423156,10652
15721638,10317
23546634,9857002
30724132,4279769
8492768,978484
17283570,16143
22842304,1125279
18293427,40593
85679,26853
3217221,88506
73100,41313
244383,30278
3272165,1387272
1373315,82969
4268,2929
22416,12772
13154150,5365396
16001443,4930653
17306293,3064305
526764,291916
52783,4391
1330324,3369
6382879,2892465
17155039,5416410
138134,11978
15810499,5783229
21726,12505
20640755,7795802
19101283,904719
72659,41013
14759334,3486415
6480781,54066
41450662,13531492
13588356,162578
25451264,5780686
80534,45852
41726841,5752457
2296567,1033445
9454,6188
12891107,4721536
3026017,170658
12439061,200317
293918,1438
52862,29868
723801,337831
16159276,1122775
20348781,7121791
102920,33907
92717,22543
13565914,2958084
889284,14078
1624,1054
29,7
34072,5112
1001312,30802
10400575,4629065
9938498,5869
368468,6846
19400,11628
165446,96160
9935444,73754
12617,2476
61661,10538
39242,22099
1421046,164478
16178,361963
2903736,10746
6621143,410418
17166702,6863360
17401136,9233
169756,31688
52090,12806
31351689,8545130
10302,137261
52873,4174
997846,26897
28763240,3130410
1051620,87306
9517,6238
3064985,1312879
10710505,4721275
35982,20357
3700085,1379540
2475251,291620
28580871,4629194
223394,45882
125507,27318
8686057,4149342
75060,33034
25564446,7121791
22609358,4512899
125190,72120
183586,47118
8100422,3505204
9635495,12504
678891,363405
185289,8661
153492,3073
13414676,274511
40745,217172
30267929,6014380
13061500,11654
21839603,8118655
72003,35822
6449920,1332
15790883,6524620
238360,94091
5400,3646
12962345,5415711
66655,20602
13056511,696372
15102,9432
18943009,6574132
33590210,292970
5641414,311467
528710,292656
7234801,3020684
23253863,8421372
13088498,5342951
172734,100752
7027735,3131761
15793231,5445024
935308,22339
47588,9558
9918128,1290625
7906105,88507
776159,1377
586852,128947
72159,7751
560535,1040250
2897258,269069
1627267,753097
9595650,4414255
61834,18143
16172634,6535659
55018,7031
355190,16770310
296302,3681
7948945,2812835
293595,5086768
318335,26496
6114607,527872
10295484,4116333
248871,145435
61938,26
133782,77190
6340471,269069
11988046,5027236
691520,7550235
13262797,4766257
11447921,12667
48468,22694
11721314,4948810
535856,30762
366889,209681
16131077,426034
17202452,5934418
80616,16927
10859509,4737213
13170607,375626
240485,281443
862109,31845
3817859,1628012
9266776,26638
18194,10991
739840,262262
105576,61124
6239873,548551
6261081,123719
340587,101286
330744,12948
5161,3504
13519844,4951964
29022,16319
33356,18741
67377,875661
18134894,7151973
292668,126468
6527841,22542
386286,23509
303200,27206
207365,38066
2440645,12695
6710476,1051591
896627,88445
10768183,4711014
76729,8567
3115070,71688
361459,19038
54741,30898
2121231,965709
791345,345873
462033,5023
5180,3520
41069,23113
23262621,7074846
59829,625
657034,48557
228258,7625163
5497945,965709
120274,18130
11342260,4846190
12397415,5143595
16048485,6541020
22864430,8427881
17993765,7218927
26077060,14091259
43196344,13654965
43191522,1633234
16967,8688
17999935,7112180
9992246,4528549
35488914,16358838
195381,113844
1911,16759765
818811,427437
1194366,11137
207410,58124
566825,310364
26777823,7233168
24035804,6123144
215541,74046
7443012,3275595
34473,6263
16117804,6546441
28820,15865
11952268,4507090
13509957,5764521
372807,13014
498214,44003
22188,12665
8008928,37795
40929,23013
17174,9387
18329942,7221218
145565,756
7234828,51118
35068432,16819959
32109569,12130438
29638166,5829056
14967,9334
10830285,4728994
18108877,6581077
22817757,8415755
369110,33384
12156759,5073330
8501291,3220024
860566,444847
24618,13852
5552,1429989
5312123,2282707
9918083,13957
682681,4633123
202146,6568
9827912,2883386
11882171,4996736
68400,38531
15982975,3301336
17559041,6889132
1218465,101398
36540225,7696082
95105,12585
138684,80212
169751,98909
23913,13453
771287,38266
16120434,6568891
2153427,361963
159604,68481
12024430,1217665
20821306,7855177
29236380,13479611
30688435,16902
611298,6649
127020,922006
2169506,1318
10031259,4512224
7818683,1441644
1881621,376347
38529,17059
35870,4866
222093,23012
826585,87184
5271066,2232265
17404695,6893006
15793184,5192116
417640,41544
16884,10263
9238506,4330590
13489517,5754828
14288998,4637369
23444482,5760737
969177,489970
206682,10482
5084,3465
12814540,213659
88495,50873
2508164,1112218
30075662,4735144
562930,30460
10429025,2313312
231083,135106
11038479,3467563
7720252,3452437
6392654,2863757
40409102,300536
293583,459128
6449378,415967
1251032,37048
22047125,8190017
9266810,771
13547180,5778057
25893693,14160478
33830437,753097
43204703,4629194
31180248,7579036
12009,5807106
38412,10894
6540352,2958717
17901410,5238854
2721318,2614
17899392,3780
28110852,945430
13414716,7195
402128,18540
13232499,696355
18431,11111
86643,49612
6792458,3051490
10444,2951738
13645358,5265998
16033906,24978
10836471,110234
1285704,103359
24970,6172
13503247,5761314
214441,125792
9268487,1405152
22616635,7336499
18718848,7368938
48858,2533
311034,25092
5082599,1647762
21457243,26897
17255435,6860531
214332,639
34548,1362939
23340,6587
8058301,10746
759611,5086768
14257,8869
7054123,16175
21457935,8054971
355917,157663
3975186,54493
786256,54711
758153,132350
12371862,2895706
1280960,35371
16152943,6581091
17855756,3064305
35410511,16943823
123843,12080
18750,437669
20643052,15292
5999242,2503028
105760,61248
384457,19005
8603765,2741432
6255949,2845502
179565,3242
25358242,7873610
289601,87534
16102879,5014564
110090,22595
11715276,4718528
18628601,4724550
82965,47391
8341567,2613
30072,16967
18138755,7056140
27827203,14674797
250729,91236
7826117,119005
6643090,2995577
9462775,10317
513275,16073
2485785,93345
25686927,7737308
36173910,17863957
84076,19954
5776788,37557
11371,7330
8192675,26306
11431896,4074051
29760928,6200344
2272880,1399
33299,18710
11544466,4864330
522471,190441
48484,27167
11734251,12542
780878,241301
12875436,4984399
24935412,9815997
200883,117182
178796,104161
13480769,4728994
16299256,5085738
17862129,7034900
129603,74538
13517444,4582548
1016600,2976
17980013,7092218
1157452,153732
7992862,190441
3181564,42775
9835731,3105995
8074967,71688
21943246,2876763
17934530,33919
20898019,815259
25893582,843820
501909,4431689
147848,34713
1034516,60478
23168817,5780686
9541,6255
24763621,13414088
1151331,82948
16124019,3388918
112110,64845
10813469,2958084
317621,723256
5179,3519
551536,179712
21473305,7759811
25812109,5351825
31979,18015
291440,41954
1661390,505695
21326,12444
25709,158904
703353,207356
16056862,6544265
14241,8865
7770715,3388865
7124475,203238
17316075,5934418
8928054,157676
18149630,7157771
9488435,799335
40192811,7150768
2795053,1218557
568454,311098
112292,55547
920330,72953
3224378,192549
793003,306449
25734248,14031516
216408,126839
176711,45816
8113512,3509782
22152589,8219684
8471815,42559
16070521,6550037
13514612,5767141
5312124,2282707
48974,10442
3412815,107761
13420351,5451387
16300116,6653786
8643407,1136158
9943,6492
11761455,4718186
6634409,24978
17406847,6950740
91767,8262
16070072,6448939
161156,48305
105657,24830
253047,1085845
40718205,1245772
128711,4465322
18781540,7215619
25613472,14031468
2177236,24689
58098,32677
15595,9640
89755,51535
803120,83085
455933,145946
268917,21616
818867,356164
449407,10994
129984,15393
10188580,4573983
427354,77556
6520,822
1137215,221253
184850,107767
7544517,3309862
5266655,145926
82333,2983296
63832,1254084
40651803,5898355
825081,193
13055592,4763
13597755,5815432
22611920,4971535
6681333,293603
9972882,1691206
36638,12075
20893314,56064
99794,43219
17191012,4851199
13538992,4175419
474858,21346
74176,42041
240130,6039100
2159,1452
6048530,2384
17157,6582
11987465,4105961
235773,8055
2277444,38809
710437,119830
18739485,5769238
133499,51304
9644151,4445700
11806716,3153776
25852784,915500
8768472,4171164
10757771,3095919
22551730,5869
3009435,3534
18600,11193
18402,6247
9408584,63898
16136959,6574132
182521,106453
99702,14002
289747,10679
6538,1025097
40881649,16549
5845,3989
22855494,7151973
916856,468569
87580,50314
8715032,3111338
23082546,1556719
5345,721
231850,20730
13083239,137553
77239,16893
10791807,1441
2273246,270479
239592,3101
76844,43665
33454,16218
543339,33295
540489,4099
75234,41348
299596,517153
275844,28010
642231,163635
14461,8988
79,40
8706185,107170
20427449,7734428
54258,30681
2011272,221874
529474,70750
6217361,2830341
16101126,2987
3722183,10015
23770,13369
13642950,2958717
176839,3500
3110,2122
574955,74488
6599113,2980339
772852,5771515
234072,94917
1747896,11166
6957682,86778
6580970,125984
17257993,2958084
666758,1082290
154798,12736
1838166,155829
129671,74572
207682,167932
6452796,96150
354259,49284
776573,12076
23367265,5295120
541024,12531
2113410,66631
420739,16961
70490,13778
9461562,87305
584486,59445
8517008,1074866
173454,4461
461104,10542
486324,191681
706,466
7844725,401053
18110808,4851199
11556960,4906436
330919,114722
56480,6264
327847,42697
247093,34820
10866233,800187
24283,13661
2761171,335919
81069,25
13508069,415967
11443325,4873609
4934651,2051713
339218,37297
13010310,5314499
17380595,6940748
13260207,3465862
1493253,243395
20256797,7690844
25173706,13654965
22038750,8187644
147039,52683
31125554,8224327
9394156,5767872
16219585,5819163
103035,10366
23118840,8507331
617097,6093739
26114493,168324
27252717,1935000
11393301,1280953
18224520,6863455
17825218,2884305
20438403,7074909
16047,4007
6655491,291916
13574635,4878292
107406,62110
600349,7415
96642,6485158
24473763,2759153
2369,6281688
844422,3450
7933894,758992
8564644,4113892
31944679,836009
20877902,7105371
23127048,8306309
468657,262616
36341204,7579036
10098912,4230687
9439303,45539
9766078,3194936
11330361,4842866
13423346,4649677
22325661,8271629
10807928,479779
807968,371202
2244796,1013808
17948528,4805272
46438,26011
55229,31145
17801656,6994378
22080473,7171979
23460961,1102395
103610,3035771
5309,3578
8527908,3169806
196743,1305302
897461,329782
29939353,3528
22929563,8446650
4948826,2883386
8373527,3002235
7091370,4415
39926,22393
1328363,122741
3097601,56370
15735683,4071652
15723916,5393357
23389993,7445352
23272028,6894322
1283716,5088478
7199,3515
14572,9074
224387,1853305
8051458,3488176
304209,45497
128048,73494
20975446,7738947
10213367,3456705
19405297,4341021
35098412,14926516
35820656,8534434
5159,3502
230852,33919
716532,38662
22501055,7267239
8596181,4123171
2798647,1219754
56634,6264
4052117,171517
130115,7728
20445713,7738947
2331954,114504
226162,132378
17404295,6947727
26156203,13467894
30372977,10405165
40024139,17999118
35514,20105
588747,45896
25159239,13652897
126061,14313
7719355,2891665
2454986,150810
16050911,5409221
17285883,17054
18599754,36320
17798649,6451816
224439,131321
6486483,15463
457060,256405
28965131,457300
28390369,2522
11290,2687
8099187,13747
29386,16491
12923,8131
13548075,4480131
13576132,5805483
20697435,16272
18744040,7258437
8745,5675
4630239,1571853
29898,16865
249606,7628
9132056,4200019
10947600,4086928
23278537,695300
109713,29414
130916,75395
6177452,801874
25294122,6448939
39679076,17892078
252783,59333
42447,5310
80689,6376
1104540,59333
28413,4750
21393526,144323
17661416,7009633
102113,58971
21469068,6456912
94669,51589
238968,100752
68099,16290
18884,8732
316496,22595
6058,4116
426825,19708
12290008,920483
918645,238158
13188615,4692856
248309,145092
20451634,685523
29875363,88506
817791,776
8419647,4074084
15722934,17059
7920450,2654606
23309634,6994731
13380221,381166
16466436,6466717
43888,3441
592167,16535395
20522640,6914204
20977124,5286855
10393675,4627059
13112869,5351825
18505784,7273667
18339630,8359
4758093,1980985
81153,5989
9791892,1164465
18813642,3360355
28016509,14719991
653396,4562105
12882328,504627
10790276,4862
22296542,7056935
21523892,7414345
20312462,8184486
24921954,13499819
82780,47290
109335,31428
12246929,4824952
35921,10517
10596724,835348
15798757,145946
16071764,5333595
534255,57229
81948,3416
3001512,1291568
900,588
773507,5350
98532,56667
53423,25824
18659623,3447947
149667,26970
110331,51287
18956,11395
133497,62911
294924,57462
825889,4665180
17314410,5228869
17213054,5073330
7898,5306
41913,17452454
2723,1858
263179,2357
19631,11746
8573632,2839407
16142053,4258
13330761,134408
1612379,45306
28700,233
61900,16094
73860,7623849
5981872,28569
9776116,3427995
7907782,2633
53085,3602
232459,12126
93261,28525
59091,17326
764165,6975
253106,27621
433035,123715
17449417,4872191
365672,34854
135840,5687
13601681,3353516
63689,9599
33363,18752
62005,3619
3599149,137554
7959473,14989
8135807,3190428
16117368,4480131
16111679,6565686
16114861,6554504
16121427,5014564
12031532,13847588
22887477,7032185
13258,8268
2859559,24655
2334538,1048167
36388243,16847770
820910,11636
6648020,56019
5198,3534
13412377,4902564
783510,2793859
17901125,5830526
4961048,90150
17256217,4800436
6402364,798
77829,8170
594099,320625
13127599,9219
9862761,22004
91253,403
129798,57739
6406018,2018764
512662,285033
23943137,4632661
14362,8925
196119,114266
1242729,600490
613994,11586
487666,8833
264946,25883
733111,150484
49603,27944
15716154,93970
17054826,6578577
2445116,1088355
6662883,117884
12432229,4687048
9424367,3036304
17926775,7091823
18244970,1818261
23203106,5288442
142023,70853
7735325,58846
12083233,143691
11737311,5249972
113002,33986
292314,79787
18878,8732
17831617,6556689
18482979,6554179
32951,18486
91659,52683
25437747,13857113
4070095,28995
8274537,2766469
40985,9239
13115995,4384465
42661,3407
1337751,491233
475339,64280
1858013,847789
342445,13681
16102880,5416410
603515,1100089
6393972,1318
46674,1498
17673307,5997227
27999,1262010
570172,311849
7124925,27498
84748,932179
61905,16094
10680329,194243
11701627,928415
17167042,6888697
36157,1276004
78070,38598
427353,12980
321545,4046
160848,12736
124854,71922
73806,41825
18723,11271
28101540,3140554
15843166,69641
35259724,14196420
26118426,3001246
6550815,4431689
64081,36103
1717890,2901559
184913,13997171
1446004,151902
10428708,5091
22873996,7076304
310722,64625
896623,88445
367802,57189
823583,23294
13616278,6535608
12652457,1370283
817982,75867
40670008,381355
17902,10838
55352,22782
1134023,65391
17831616,6556689
18005373,5228869
2227371,9432
504405,280917
403722,5411
18746546,4428
16718,6404
456057,1441
153540,15450
439363,18161184
28212,15877
4866,3317
4294292,1805363
8109141,3508354
9915707,345630
3659,91
13645645,89439
64666,843200
154424,14989
11841,106
5556466,47072
48834,27420
12381722,5135449
7948230,125736
17914340,7091608
489612,273399
2983654,48557
767307,27779
5509,3724
3002300,10003
8044557,1977411
543873,299121
40090,22496
15795628,5363257
27126,14577
2281,431149
243381,45706
904538,25563
2544247,2463923
550821,104125
174216,36913
39291659,17595
16242085,2952211
319300,183491
20757528,3429117
240297,56353
41918,23607
222576,7308
357160,200052
844051,6527479
7093555,116623
75504,42920
6740756,1312879
3379051,237175
8337087,4044383
17260623,2952211
490867,33274
6553352,8988
415459,7415
837501,3093309
318742,10710
17163514,2063919
10647131,837420
593152,19811
133738,77170
22529151,5625945
89363,51304
20892805,7094314
386,220
8724084,53574
10380227,4623294
1662160,767633
10238,6685
13560376,4601855
592089,99836
17254226,6572969
6620670,589737
36061,2887
152052,87937
27274328,5383015
107777,6251
93134,43220
16061340,17216
13584415,2931654
552357,65471
77699,457
10822858,1734716
438452,72841
16066588,415636
82748,6104
866222,3770
192893,8734
311095,18067
18144053,3502
6393119,374429
7016638,3128303
13423535,4849861
12104686,4971535
18815422,5441556
30256248,5027236
18280703,29655
9182478,3228055
119760,26975
9551700,3114906
208,13557729
91953,10122
18129852,7139136
118345,24425
765427,11145
3649147,1330287
251966,28574
12021559,4984399
10535171,4430487
15852479,5263703
158674,91947
442819,33461
33906,19093
16256798,78754
51506,10747
10506237,4656955
626339,4263
2081569,944594
5989573,16807
74404,23129
4495776,37060
880,575
454856,183819
18601430,36346
44361,5344
294395,13638502
356896,19753
702573,34820
7862725,3420702
91714,12736
130363,40882
128837,285217
18728,1476
16249,10020
32502,12470
535494,7491463
11276935,26796
13560262,5421050
157076,90864
43928,24689
27689,15590
11836538,4983109
15729261,2965489
73093,17293
9239571,3165706
40644351,4106087
12951695,121651
91836,7540
1308213,294649
173526,27405
50788,28550
81026,27500
3972,2687
13580846,5807164
1296444,234088
7863423,22370
158217,5441368
31487,1194
16068341,6549106
29739361,13505420
474078,18069
17700010,6521173
11402002,2860219
255458,5003975
8542996,56019
31374,1402383
18143905,6153502
6922622,2040815
